GameTitle,Profit,GenreRank
"Wii Sports",82.74000000000001,1
"Wii Sports Resort",33,2
"Wii Fit",22.72,3
"Wii Fit Plus",22,4
"FIFA 16",8.49,5
"Mario & Sonic at the Olympic Games",8.05,6
"FIFA 14",6.9,7
"Zumba Fitness",6.8100000000000005,8
"FIFA 12",6.69,9
"FIFA 15",6.6,10
"Kinect Sports",6.24,11
"Madden NFL 2004",5.239999999999999,12
"Mario & Sonic at the Olympic Games",5.140000000000001,13
"FIFA Soccer 11",5.08,14
"Tony Hawk's Pro Skater",5.02,15
"Madden NFL 06",4.91,16
"FIFA 15",4.82,17
"FIFA 17",4.779999999999999,18
"Tony Hawk's Pro Skater 2",4.68,19
"Mario & Sonic at the Olympic Winter Games",4.58,20
"Madden NFL 2005",4.529999999999999,21
"Madden NFL 07",4.49,22
"Tony Hawk's Pro Skater 3",4.42,23
"Winning Eleven: Pro Evolution Soccer 2007",4.4,24
"FIFA 14",4.32,25
"FIFA Soccer 06",4.21,26
"FIFA 12",4.18,27
"Madden NFL 2003",4.14,28
"FIFA Soccer 07",4.109999999999999,29
"World Soccer Winning Eleven 9",4.05,30
Golf,4,31
"EA Sports Active",3.92,32
"Tony Hawk's Underground",3.8899999999999997,33
"Sports Champions",3.87,34
"World Soccer Winning Eleven 8 International",3.85,35
"NBA 2K16",3.8499999999999996,36
"Mario & Sonic at the London 2012 Olympic Games",3.78,37
"FIFA Soccer 2005",3.69,38
"Tony Hawk's Pro Skater 4",3.6699999999999995,39
"FIFA Soccer 10",3.63,40
"Pro Evolution Soccer 2008",3.62,41
"FIFA Soccer 11",3.53,42
"Mario & Sonic at the Olympic Winter Games",3.53,42
"FIFA Soccer 2004",3.5,44
"FIFA Soccer 2003",3.3999999999999995,45
"FIFA 16",3.2199999999999998,46
"Madden NFL 16",3.2199999999999998,46
Baseball,3.2,48
"FIFA Soccer 08",3.14,49
"FIFA 15",3.0999999999999996,50
"Madden NFL 2002",3.09,51
"World Class Track Meet",3.08,52
"WWE SmackDown! Shut Your Mouth",3.03,53
"NBA 2K13",3.01,54
"World Soccer Winning Eleven 6 International",2.99,55
"World Soccer Winning Eleven 7 International",2.9000000000000004,56
"FIFA 14",2.9,57
"Zumba Fitness 2",2.8900000000000006,58
"Hot Shots Golf 3",2.89,59
"Sega Superstars Tennis",2.8899999999999997,60
"Madden NFL 13",2.86,61
"FIFA 16",2.8499999999999996,62
"Madden NFL 10",2.83,63
"Hot Shots Golf",2.8000000000000003,64
"NBA Street",2.79,65
"Madden NFL 12",2.69,66
"Madden NFL 11",2.68,67
"Skate 3",2.6799999999999997,68
"ESPN NFL 2K5",2.63,69
"Mario Strikers Charged",2.62,70
"NBA 2K12",2.62,70
"FIFA Soccer 10",2.6199999999999997,72
"NBA Live 2005",2.59,73
"FIFA Soccer 09",2.58,74
"Madden NFL 08",2.5700000000000003,75
"Madden NFL 13",2.56,76
"Deca Sports",2.54,77
"Madden NFL 09",2.5300000000000002,78
"PES 2009: Pro Evolution Soccer",2.51,79
"NBA 2K13",2.48,80
"NBA 2K14",2.47,81
"Ice Hockey",2.42,82
"pro evolution soccer 2011",2.42,82
"Madden NFL 16",2.41,84
"Zumba Fitness",2.4,85
"Madden NFL 11",2.38,86
"NBA 2K15",2.38,86
"Tony Hawk's Underground 2",2.38,86
"Madden NFL 08",2.37,89
"Madden NFL 10",2.3699999999999997,90
"Kinect Sports: Season Two",2.3600000000000003,91
"My Fitness Coach",2.34,92
"Mario Tennis",2.31,93
"Cool Boarders 3",2.31,93
"NBA 2K16",2.3099999999999996,95
"Pro Evolution Soccer 2010",2.29,96
"FIFA Soccer 09",2.2800000000000002,97
"Cool Boarders 2",2.2600000000000002,98
"Madden NFL 12",2.25,99
"Pro Yakyuu Family Stadium",2.1999999999999997,100
"Madden NFL 25",2.17,101
Tennis,2.17,101
"Your Shape featuring Jenny McCarthy",2.16,103
"FIFA 15",2.15,104
Volleyball,2.15,104
Golf,2.12,106
"NBA 2K12",2.1100000000000003,107
"PES 2009: Pro Evolution Soccer",2.1100000000000003,107
"Tony Hawk's Pro Skater",2.11,109
"Mario Sports Mix",2.11,109
"Derby Stallion",2.1,111
"Skate 3",2.08,112
"NBA 2K14",2.05,113
"NBA Jam",2.05,113
"1080Â°: TenEighty Snowboarding",2.0399999999999996,115
"Madden NFL 15",2.0300000000000002,116
"Madden NFL 15",2.02,117
"NBA Live 2004",2.02,117
Tennis,1.9900000000000002,119
"Hot Shots Golf: Open Tee",1.96,120
Soccer,1.96,120
"NBA Street Vol. 2",1.95,122
"FIFA Soccer 09",1.94,123
"Mario Super Sluggers",1.92,124
"Madden NFL 09",1.89,125
"Hot Shots Golf 2",1.8800000000000001,126
"FIFA 2000",1.87,127
"Madden NFL 06",1.86,128
"NBA Live 2002",1.86,128
"NCAA Football 06",1.83,130
"NFL GameDay 2000",1.8000000000000003,131
"Madden NFL 07",1.7999999999999998,132
"Madden NFL 25",1.77,133
"FIFA Soccer 08",1.76,134
"Madden NFL 2000",1.76,134
"Pro Evolution Soccer",1.76,134
"Madden NFL 99",1.74,137
"SSX Tricky",1.73,138
"Madden NFL 2005",1.7200000000000002,139
"Cabela's Big Game Hunter 2010",1.7000000000000002,140
"FIFA Soccer 10",1.7,141
"We Ski",1.6999999999999997,142
"FIFA 16",1.69,143
"NBA 2K15",1.69,143
"NCAA Football 07",1.69,143
"NFL GameDay 98",1.6800000000000002,146
"Shaun White Snowboarding: Road Trip",1.6799999999999997,147
"Tony Hawk's Pro Skater 3",1.6700000000000002,148
"SSX 3",1.6700000000000002,148
"Madden NFL 2001",1.6700000000000002,148
"NCAA Football 2004",1.6700000000000002,148
"Big Beach Sports",1.67,152
SSX,1.6500000000000001,153
"NBA Ballers",1.65,154
"NBA Live 2003",1.65,154
"Tiger Woods PGA Tour 2003",1.6400000000000001,156
"NBA Live 06 (All region sales)",1.64,157
"ESPN NFL 2K5",1.6300000000000001,158
"NCAA Football 2005",1.6300000000000001,158
"Tony Hawk's American Wasteland (Old all region sales)",1.6300000000000001,158
"NBA 2K15",1.62,161
"Tiger Woods PGA Tour 2004",1.62,161
"Mario Hoops 3 on 3",1.62,161
"NFL Street 2",1.62,161
Baseball,1.61,165
"Super Mario Strikers",1.5999999999999999,166
"Pro Evolution Soccer 2008",1.5900000000000003,167
"ESPN NBA 2K5",1.5899999999999999,168
"Carnival Games: Mini Golf",1.58,169
"NCAA Football 2002",1.57,170
"Pro Evolution Soccer 2010",1.56,171
"Pro Evolution Soccer 2013",1.56,171
"Active Life: Outdoor Challenge",1.56,171
"MVP Baseball 2005",1.54,174
"FIFA 17",1.53,175
"NFL GameDay 99",1.53,175
"Mario Golf: Toadstool Tour",1.53,175
"Tiger Woods 99 PGA Tour Golf",1.53,175
"The Simpsons Skateboarding",1.53,175
"Football Manager 2012",1.52,180
"Madden NFL 15",1.5100000000000002,181
"Madden NFL 2001",1.51,182
"NBA Live 2000",1.51,182
"NBA Live 98",1.51,182
"NFL Blitz",1.5,185
"Madden NFL 09",1.49,186
"Nintendo World Cup",1.4800000000000002,187
"New Play Control! Mario Power Tennis",1.48,188
"Major League Baseball 2K5",1.47,189
"Triple Play 99",1.4600000000000002,190
"Mario Superstar Baseball",1.46,191
"Tony Hawk's American Wasteland (Weekly american sales)",1.45,192
"Tiger Woods PGA Tour 2005",1.4400000000000002,193
"Tiger Woods PGA Tour 09 All-Play",1.4300000000000002,194
"NCAA Football 2003",1.43,195
"Triple Play 2000",1.4200000000000002,196
"NBA Live 06 (Weekly american sales)",1.4200000000000002,196
"Cabela's Big Game Hunter",1.42,198
"NFL Street",1.42,198
"Pro Yakyuu Family Stadium '87",1.42,198
"Madden NFL 15",1.41,201
"Madden NFL 2002",1.4000000000000001,202
2Xtreme,1.4,203
"Dave Mirra Freestyle BMX 2",1.3800000000000001,204
"NBA Jam",1.38,205
"NBA 2K15",1.3699999999999999,206
"FIFA Soccer 08",1.35,207
"FIFA Soccer 08",1.35,207
"FIFA Soccer 09",1.35,207
"Madden NFL 98",1.35,207
"Tony Hawk's Pro Skater",1.34,211
"MVP Baseball 2004",1.34,211
"NBA 2K14",1.33,213
"Triple Play 2001",1.33,213
"Your Shape: Fitness Evolved",1.32,215
"NFL 2K3",1.32,215
"Madden NFL 97",1.32,215
"Gold's Gym: Cardio Workout",1.3000000000000003,218
"NBA Live 07",1.3,219
"EA Playground",1.2999999999999998,220
"EA Sports Active 2",1.2900000000000003,221
"FIFA Street",1.28,222
"Tony Hawk's Underground",1.27,223
"NBA 2K9",1.27,223
"Jillian Michaels' Fitness Ultimatum 2009",1.27,223
"Rockstar Games presents Table Tennis",1.27,223
"Reel Fishing",1.2600000000000002,227
"Football Manager 2011",1.26,228
"Championship Manager 03/04",1.26,228
"Brian Lara Cricket",1.26,228
"Winter Sports: The Ultimate Challenge",1.25,231
"NBA Live 2001",1.25,231
"2010 FIFA World Cup South Africa",1.23,233
"Madden NFL 17",1.23,233
"Mario Power Tennis",1.23,233
"FIFA Soccer 11",1.21,236
"FIFA Soccer 07",1.21,236
"NBA Live 99",1.21,236
"NBA 2K2",1.21,236
"World Soccer Winning Eleven 9 (JP & Others sales)",1.2,240
"WWE 2K16",1.2,240
"NHL 2002",1.2,240
"Kobe Bryant in NBA Courtside",1.2,240
"NFL 2K",1.1900000000000002,244
"Mario & Sonic at the London 2012 Olympic Games",1.1900000000000002,244
"FIFA 14",1.19,246
"WWE 2K14",1.19,246
"Pro Evolution Soccer 2008",1.19,246
"NBA 2K17",1.19,246
"Pro Yakyuu Family Stadium '88",1.1800000000000002,250
"Mario Tennis",1.18,251
"Tony Hawk's Pro Skater 2",1.18,251
"Cool Boarders 4",1.1700000000000002,253
"Your Shape: Fitness Evolved 2012",1.17,254
"Cabela's Dangerous Hunts",1.17,254
"Football Manager 2013",1.17,254
"FIFA Soccer 10",1.1600000000000001,257
"EA Sports Active: More Workouts",1.1600000000000001,257
"Derby Stallion III",1.15,259
"Hot Shots Golf: Out of Bounds",1.1400000000000001,260
"WWE 2K14",1.1300000000000001,261
"Derby Stallion 99",1.1300000000000001,261
"WWE 2K15",1.1300000000000001,261
"Worldwide Soccer Manager 2008",1.12,264
"NBA Jam Tournament Edition",1.1199999999999999,265
"Triple Play 98",1.1,266
"NBA Live 2001",1.09,267
"Skate 2",1.09,267
"NFL 2K1",1.09,267
"Madden NFL 2004",1.09,267
"Tiger Woods PGA Tour 10",1.09,267
"NFL Blitz 2000",1.08,272
"The Biggest Loser",1.08,272
"Fisherman's Bass Club",1.08,272
"Ready 2 Rumble Boxing",1.08,272
"Pro Evolution Soccer 2008",1.07,276
"NFL Blitz",1.07,276
"NCAA Football 14",1.07,276
"Championship Manager 99/00",1.07,276
"World Tour Soccer",1.07,276
"NFL Quarterback Club 98",1.07,276
"Virtua Tennis 3",1.07,276
"FIFA Soccer 11",1.0699999999999998,283
"NBA Street V3",1.0699999999999998,283
"Sega Superstars Tennis",1.06,285
"NHL 99",1.06,285
"NCAA Football 99",1.06,285
"Derby Stallion 96",1.05,288
"Dave Mirra Freestyle BMX",1.05,288
"NBA 2K3",1.04,290
"MVP Baseball 2003",1.04,290
"EA Sports UFC",1.04,290
"Tiger Woods PGA Tour 08",1.04,290
"Madden NFL 07",1.03,294
"FIFA Soccer 08",1.03,294
"NCAA March Madness 2004",1.02,296
"PES 2009: Pro Evolution Soccer",1.01,297
"NBA Jam Tournament Edition",1.01,297
"Championship Manager 3",1.01,297
"NFL GameDay 2001",1.01,297
"NES Open Tournament Golf",1,301
"Winning Eleven: Pro Evolution Soccer 2007 (All Region sales)",1,301
"NBA Live 97",1,301
"NCAA Football 12",1,301
"FIFA Soccer 10",0.99,305
"Pro Evolution Soccer 2008",0.99,305
"NFL Fever 2002",0.99,305
"Madden NFL 10",0.98,308
"Madden NFL 08",0.98,308
"NBA 2K10",0.98,308
"Club Penguin: Game Day!",0.9700000000000001,311
"NBA 2K16",0.97,312
"FIFA Soccer 2005",0.97,312
"Madden NFL 16",0.97,312
"NCAA Football 06",0.97,312
"ESPN NBA 2K5",0.9600000000000001,316
"NHL 2004",0.96,317
"NHL 2001",0.96,317
"My Weight Loss Coach",0.9500000000000001,319
"NCAA Football 2000",0.95,320
"Tony Hawk: RIDE",0.95,320
"Hot Shots Golf Fore!",0.9400000000000001,322
"MLB 06: The Show",0.9400000000000001,322
"NHL 2003",0.9400000000000001,322
"EA Sports Grand Slam Tennis",0.9400000000000001,322
"NCAA Football 10",0.94,326
"Mario Tennis Open",0.9300000000000002,327
SSX,0.93,328
"MLB 07: The Show",0.93,328
"Tony Hawk's Pro Skater 4",0.9299999999999999,330
"MVP Baseball 2005",0.9299999999999999,330
"MLB 2000",0.9299999999999999,330
"Nickelodeon Fit",0.9299999999999999,330
"EA Sports Active 2",0.92,334
"FIFA Street",0.92,334
"MLB 15: The Show",0.92,334
"Street Hoops",0.92,334
"Knockout Kings 2002",0.92,334
"NCAA Football 11",0.9199999999999999,339
"NHL 98",0.9199999999999999,339
"Space Jam",0.9199999999999999,339
"MLB 12: The Show",0.9199999999999999,339
"AMF Bowling Pinbusters!",0.9199999999999999,339
"Tiger Woods PGA Tour 2002",0.91,344
"MLB 2005",0.91,344
"NBA Live 2005",0.9000000000000001,346
"Hot Shots Tennis",0.9000000000000001,346
"Madden NFL 99",0.9,348
"Tiger Woods PGA Tour 12: The Masters",0.9,348
"FIFA Soccer 09 All-Play",0.9,348
"Madden NFL 08",0.8999999999999999,351
"We Ski & Snowboard",0.8999999999999999,351
"Wii Fit U",0.8999999999999999,351
"MLB 2001",0.8900000000000001,354
"Harry Potter: Quidditch World Cup",0.89,355
"Blitz: The League",0.89,355
"Tiger Woods PGA Tour 06",0.89,355
"NFL 2K2",0.89,355
"EA Sports UFC 2",0.89,355
"The Biggest Loser: Ultimate Workout",0.8899999999999999,360
"Gold's Gym: Dance Workout",0.8799999999999999,361
"NFL GameDay '97",0.8700000000000001,362
"Beijing 2008",0.8700000000000001,362
"NHL 2000",0.8700000000000001,362
"ESPN NHL 2K5",0.87,365
"Derby Stallion II",0.87,365
"Tony Hawk's Project 8",0.87,365
"Triple Play 2002",0.87,365
"NBA 2K14",0.8699999999999999,369
"Madden Football 64",0.8600000000000001,370
"MLB 99",0.8600000000000001,370
"Madden NFL 09 All-Play",0.8600000000000001,370
"NBA 2K8",0.8600000000000001,370
"Winning Eleven: Pro Evolution Soccer 2007",0.86,374
"FIFA Soccer 08",0.86,374
"2010 FIFA World Cup South Africa",0.86,374
"Tiger Woods PGA Tour 2005",0.8500000000000001,377
"NCAA Football 11",0.8500000000000001,377
"NFL GameDay",0.8500000000000001,377
"WWE 2K15",0.85,380
"Skate 2",0.85,380
"FIFA 15",0.8400000000000001,382
"NBA 2K10",0.8400000000000001,382
"Rocket Power: Team Rocket Rescue",0.8400000000000001,382
"Madden NFL 07",0.8400000000000001,382
"Tiger Woods PGA Tour 11",0.84,386
"ESPN College Hoops 2K5",0.84,386
"MLB SlugFest 20-03",0.84,386
"Tony Hawk's Pro Skater 3",0.8300000000000001,389
"NCAA Football 12",0.8300000000000001,389
"FIFA Soccer World Championship",0.8300000000000001,389
"Deca Sports 2",0.8300000000000001,389
"Madden NFL 17",0.83,393
"Madden NFL 16",0.8200000000000001,394
"Madden NFL 25",0.8200000000000001,394
"Tony Hawk's Underground 2 Remix",0.8200000000000001,394
"EA Sports Active NFL Training Camp",0.8200000000000001,394
"Amped: Freestyle Snowboarding",0.82,398
"Shaun White Snowboarding",0.82,398
"NCAA Football 14",0.81,400
"NCAA Football 10",0.81,400
"Jikkyou Powerful Pro Yakyuu '99 Kaimakuban",0.81,400
"Pro Evolution Soccer 2010",0.8099999999999999,403
"Pro Evolution Soccer 2010",0.8,404
"World Soccer Jikkyou Winning Eleven 3: World Cup France '98",0.8,404
"PES 2009: Pro Evolution Soccer",0.8,404
"Mario & Sonic at the Sochi 2014 Olympic Winter Games",0.8,404
"Capcom's Soccer Shootout",0.8,404
"pro evolution soccer 2011",0.7999999999999999,409
"All Star Cheer Squad",0.7999999999999999,409
"FIFA 12",0.79,411
"NBA 2K16",0.79,411
"Major League Baseball Featuring Ken Griffey Jr",0.79,411
"NCAA Football 08",0.79,411
"Tiger Woods PGA Tour 10",0.7899999999999999,415
"FIFA Soccer 2004",0.78,416
"Personal Trainer: Walking",0.78,416
"Pro Evolution Soccer 2016",0.78,416
"UFC Personal Trainer: The Ultimate Fitness System",0.78,416
"NBA 2K7",0.78,416
"Madden NFL 25",0.7700000000000001,421
"NBA ShootOut 98",0.77,422
"All-Star Baseball 2003",0.7699999999999999,423
"Deer Drive",0.7600000000000001,424
"FIFA 15",0.76,425
"FIFA Soccer 11",0.76,425
"Tony Hawk's Pro Skater 2",0.76,425
"ISS Pro Evolution",0.76,425
"Pro Evolution Soccer 2015",0.76,425
"Rockstar Games presents Table Tennis",0.76,425
"Cabela's Deer Hunt: 2004 Season",0.7599999999999999,431
"Madden NFL 06",0.75,432
"Tony Hawk's Underground 2",0.75,432
"Madden NFL 11",0.75,432
"FIFA: Road to World Cup 98",0.7400000000000001,435
"Tiger Woods PGA Tour 08",0.74,436
"MVP 06 NCAA Baseball",0.74,436
"Sega Superstars Tennis",0.7399999999999999,438
"Madden NFL 10",0.73,439
"NCAA Football 07",0.73,439
"Tiger Woods PGA Tour 2001",0.73,439
"NHL 11",0.73,439
"Shaun Palmer's Pro Snowboarder",0.73,439
"Madden NFL 2003",0.7200000000000001,444
"Major League Baseball 2K7",0.7200000000000001,444
"FIFA Soccer 11",0.72,446
SSX,0.72,446
"NBA Live 08",0.72,446
"Tiger Woods PGA Tour 07",0.72,446
Skate,0.72,446
"MLB 09: The Show",0.7100000000000001,451
"MLB 13: The Show",0.7100000000000001,451
"Top Spin 4",0.7100000000000001,451
"MLB 10: The Show",0.7100000000000001,451
"2014 FIFA World Cup Brazil",0.7100000000000001,451
"London 2012: The Official Video Game of the Olympic Games",0.7100000000000001,451
"NCAA Football 98",0.7100000000000001,451
"Madden NFL 08",0.71,458
"Madden NFL 09",0.71,458
"NBA Live 09",0.71,458
"Madden NFL 2005",0.7000000000000001,461
"Tony Hawk's Underground",0.7000000000000001,461
"NCAA Football 08",0.7000000000000001,461
"NCAA Football 09",0.7000000000000001,461
"NHL 12",0.7000000000000001,461
"NCAA Football 2001",0.7000000000000001,461
"WWE 2K15",0.7,467
"Football Manager 2014",0.7,467
MotionSports,0.7,467
"MLB 08: The Show",0.6900000000000001,470
"NFL Xtreme",0.6900000000000001,470
"J-League Soccer: Prime Goal",0.69,472
"NBA Street Vol. 2",0.68,473
"NCAA Football 2005",0.68,473
"Hot Shots Golf: Open Tee 2",0.68,473
"FIFA Soccer 06",0.6799999999999999,476
"The Biggest Loser: Challenge",0.67,477
"Summer Sports: Paradise Island (Others sales)",0.67,477
"NHL 13",0.67,477
"NHL 10",0.6699999999999999,480
"NFL Street",0.66,481
"Street Sk8er",0.66,481
"Virtua Tennis: World Tour (US & Others sales)",0.66,481
"Shaun White Snowboarding",0.66,481
"Tony Hawk's Proving Ground",0.66,481
"Tiger Woods PGA Tour 2000",0.66,481
"Jikkyou World Soccer 2000 Final Edition",0.66,481
"Tiger Woods PGA Tour 09",0.66,481
"Madden NFL 10",0.6599999999999999,489
"NBA 2K17",0.6500000000000001,490
"Tiger Woods PGA Tour 10",0.6500000000000001,490
"NHL 13",0.65,492
"MLB 2004",0.65,492
"NCAA March Madness 2003",0.65,492
"Animaniacs Ten Pin Alley",0.65,492
"Tiger Woods PGA Tour 09",0.6499999999999999,496
"MLB 14: The Show",0.6499999999999999,496
"FIFA Soccer 2003",0.6400000000000001,498
"NBA Live 08",0.6400000000000001,498
"Madden NFL 2001",0.64,500
"Tony Hawk's Project 8",0.64,500
"NBA Live 06",0.64,500
"Tony Hawk's American Wasteland",0.6300000000000001,503
"Madden NFL 07",0.63,504
"NHL 2001",0.63,504
"Pro Evolution Soccer 2015",0.63,504
"Tony Hawk's Pro Skater 2x",0.63,504
"Cabela's Big Game Hunter (2008)",0.63,504
"FIFA Soccer 2002",0.63,504
"NBA ShootOut '97",0.63,504
"Tiger Woods PGA Tour 12: The Masters",0.6200000000000001,511
"Tiger Woods PGA Tour 2004",0.62,512
"FIFA Soccer",0.62,512
"Strike Force Bowling",0.62,512
"Bass Landing",0.62,512
"NBA 2K9",0.6100000000000001,516
"Tony Hawk: RIDE",0.6100000000000001,516
"NFL Fever 2003",0.6100000000000001,516
"Major League Baseball 2K8",0.6100000000000001,516
"Major League Baseball 2K9",0.6100000000000001,516
"Hot Shots Golf: World Invitational",0.6100000000000001,516
"Madden NFL 2003",0.61,522
"Madden NFL 2002",0.61,522
"Tony Hawk: RIDE",0.61,522
"NFL Quarterback Club 99",0.61,522
"NHL 16",0.61,522
"Cabela's Monster Buck Hunter",0.61,522
"pro evolution soccer 2011",0.6000000000000001,528
"Beijing 2008",0.6000000000000001,528
"NHL 11",0.6000000000000001,528
"London 2012: The Official Video Game of the Olympic Games",0.6000000000000001,528
"Jikkyou Powerful Pro Yakyuu '97 Kaimakuban",0.6000000000000001,528
"2002 FIFA World Cup",0.6000000000000001,528
"Dead or Alive Xtreme Beach Volleyball",0.6000000000000001,528
"Skate it",0.6000000000000001,528
"Tony Hawk's Underground",0.6,536
"NBA 2K8",0.6,536
"Major League Baseball 2K7",0.6,536
"Madden NFL 2000",0.6,536
"International Superstar Soccer 64",0.6,536
"Tony Hawk's Pro Skater 4",0.5900000000000001,541
"MVP Baseball 2004",0.5900000000000001,541
"NHL 12",0.5900000000000001,541
CyberTiger,0.5900000000000001,541
"NFL Blitz 2001",0.5900000000000001,541
"Jikkyou Powerful Pro Yakyuu '98 Kaimakuban",0.5900000000000001,541
"Cabela's Dangerous Hunts 2011",0.5900000000000001,541
"Ready 2 Rumble Boxing",0.59,548
"Kirby's Dream Course",0.59,548
"FIFA Soccer 10",0.5800000000000001,550
"WWE 2K16",0.5800000000000001,550
"NCAA Football 09",0.5800000000000001,550
"Madden NFL 06",0.5800000000000001,550
"Backyard NBA Basketball",0.5800000000000001,550
"Kinect Sports Rivals",0.5800000000000001,550
"Sammy Sosa High Heat Baseball 2001",0.5800000000000001,550
"World Cup 98",0.5800000000000001,550
"International Superstar Soccer '98",0.5800000000000001,550
"MLB 11: The Show",0.5800000000000001,550
"Rapala: We Fish",0.5800000000000001,550
"Madden NFL 2002",0.5800000000000001,550
"Zumba Fitness",0.58,562
"NHL 15",0.58,562
"NHL 06",0.58,562
"Madden NFL 06",0.5700000000000001,565
"NCAA Football 10",0.5700000000000001,565
"NBA 2K7",0.5700000000000001,565
"NHL 10",0.5700000000000001,565
"FIFA: Road to  World Cup 98",0.5700000000000001,565
"NFL Blitz 2000",0.5700000000000001,565
"Jillian Michaels Fitness Ultimatum 2010",0.5700000000000001,565
"Arena Football",0.5700000000000001,565
"NHL Hitz 20-02",0.5700000000000001,565
"NCAA March Madness 07",0.5700000000000001,565
"Tony Hawk's Pro Skater 4",0.57,575
"WWE 2K16",0.57,575
"FIFA World Cup Germany 2006",0.57,575
"Major League Baseball 2K5",0.56,578
"Tony Hawk's Project 8",0.56,578
"NBA 2K8",0.56,578
"Tiger Woods PGA Tour 11",0.56,578
"NHL 14",0.56,578
"Cabela's Big Game Hunter 2005 Adventures",0.56,578
"Backyard NFL Football",0.56,578
"Tony Hawk: Shred",0.56,578
"NBA Showtime: NBA on NBC",0.56,578
"The Activision Decathlon",0.56,578
"NBA Hangtime",0.5599999999999999,588
"FIFA Soccer 07",0.55,589
"NCAA Football 07",0.55,589
"WWE 2K15",0.55,589
"Tiger Woods PGA Tour 08",0.55,589
"Tony Hawk's Proving Ground",0.55,589
"All-Star Baseball 2002",0.55,589
"ESPN NFL Football",0.55,589
"Rapala Tournament Fishing!",0.55,589
"Derby Stallion 04",0.55,589
"Barbie Horse Adventures: Riding Camp",0.55,589
"Soccer Tsuku 2002: J-League Pro Soccer Club o Tsukurou!",0.55,589
"Summer Sports: Paradise Island",0.55,589
"NBA Live 10",0.55,589
"Tiger Woods PGA Tour 13",0.5499999999999999,602
"FIFA 12",0.54,603
"Madden NFL 13",0.54,603
"SSX Tricky",0.54,603
"NHL 14",0.54,603
"Tony Hawk's Pro Skater 3",0.54,603
"Gekikuukan Pro Yakyuu: At the End of the Century 1999",0.54,603
"World Soccer Winning Eleven 7 International (JP version)",0.54,603
"ESPN NBA Basketball",0.54,603
"Mat Hoffman's Pro BMX",0.54,603
"NCAA March Madness 06",0.54,603
"Tiger Woods PGA Tour 11",0.53,613
"FIFA 99",0.53,613
"NBA Street Vol. 2",0.53,613
"NCAA March Madness 2005",0.53,613
"MLB SlugFest 20-04",0.53,613
"Blitz: The League",0.53,613
"Virtual Soccer",0.53,613
"Winning Post",0.53,613
"NBA 06",0.53,613
"J-League Soccer: Prime Goal 2",0.53,613
"Mario Tennis: Power Tour",0.53,613
"Madden NFL 07",0.52,624
"NCAA Football 2003",0.52,624
"NBA Live 09",0.52,624
"Tony Hawk's Pro Skater 3",0.52,624
"Wayne Gretzky's 3D Hockey",0.52,624
"Swing Away Golf",0.52,624
"J-League Pro Soccer Club o Tsukurou! 3",0.52,624
"SSX On Tour",0.52,624
"Fishing Derby",0.52,624
"NBA Live 2002",0.51,633
"NFL 2K3",0.51,633
"NBA Live 07",0.51,633
"Madden NFL 2004",0.51,633
"NBA Live 08",0.51,633
"Tiger Woods PGA Tour 13",0.51,633
"International Track & Field",0.51,633
"Jikkyou Powerful Pro Yakyuu 10",0.51,633
"Sega Bass Fishing",0.51,633
"International Superstar Soccer 2000 (All region sales)",0.51,633
"Major League Baseball 2K10",0.51,633
"NHL 07",0.51,633
"FIFA 14",0.5,645
"Madden NFL 07",0.5,645
"Madden NFL 11",0.5,645
"Pro Evolution Soccer 2010",0.5,645
"NBA Live 2004",0.5,645
"NBA Ballers",0.5,645
"WWE 2K16",0.5,645
"Tony Hawk's Project 8",0.5,645
"Tiger Woods PGA Tour 07",0.5,645
"Virtual Pool",0.5,645
"The BIGS",0.5,645
"NHL FaceOff 98",0.5,645
"NHL 09",0.5,645
"NBA Street Homecourt",0.5,645
"Bases Loaded '96: Double Header",0.5,645
"Major League Baseball 2K12",0.5,645
"Super Famista 5",0.5,645
"RealSports Tennis",0.5,645
"Ice Hockey",0.5,645
"Mario Golf: World Tour",0.4900000000000001,664
"NCAA Football 09",0.49000000000000005,665
"FIFA Soccer 09",0.49,666
"Tony Hawk's Underground 2",0.49,666
"Tony Hawk's Underground 2",0.49,666
"NFL Street 2",0.49,666
"FIFA Soccer 64",0.49,666
"J-League Pro Soccer Club wo Tsukurou! 2",0.49,666
"Backyard Baseball",0.49,666
"Barbie Horse Adventures: Wild Horse Rescue",0.49,666
"Football Manager Handheld 2009",0.49,666
"Active Life: Extreme Challenge",0.48000000000000004,675
"2010 FIFA World Cup South Africa",0.48,676
"Tiger Woods PGA Tour 06",0.48,676
"Tiger Woods PGA Tour 07",0.48,676
"Bass Pro Shops: The Strike",0.48,676
"All-Star Baseball 99",0.48,676
"NFL Xtreme 2",0.48,676
"Virtua Tennis 4: World Tour",0.48,676
"FIFA World Cup Germany 2006",0.47000000000000003,683
"NBA Live 99",0.47000000000000003,683
"NBA Ballers: Phenom",0.47000000000000003,683
"Imagine: Figure Skater (US sales)",0.47000000000000003,683
"Mat Hoffman's Pro BMX 2",0.47000000000000003,683
"FIFA 12",0.47,688
"NHL 16",0.47,688
"Tiger Woods PGA Tour 07",0.47,688
"Major League Baseball 2K13",0.47,688
"World Soccer Winning Eleven 8: Liveware Evolution",0.47,688
"NHL 97",0.47,688
"Razor Freestyle Scooter",0.4600000000000001,694
"NHL FaceOff '97",0.4600000000000001,694
"Major League Baseball 2K11",0.4600000000000001,694
"Pro Evolution Soccer 2016",0.46,697
"2014 FIFA World Cup Brazil",0.46,697
"Super Batter Up",0.46,697
"Top Spin",0.46,697
"Madden NFL 12",0.45999999999999996,701
"NBA Live 07",0.45999999999999996,701
"EA Sports UFC",0.45999999999999996,701
"Tony Hawk's Proving Ground",0.45999999999999996,701
"NHL 15",0.45999999999999996,701
"Walk it Out!",0.45999999999999996,701
"Virtua Tennis 4",0.45999999999999996,701
"FIFA 15",0.45000000000000007,708
"NBA 2K13",0.45000000000000007,708
"NBA Live 10",0.45000000000000007,708
"NCAA Gamebreaker 99",0.45000000000000007,708
"NHL FaceOff",0.45000000000000007,708
"Mario Tennis Ultra Smash",0.45000000000000007,708
"Jikkyou Powerful Pro Yakyuu 3",0.45,714
"Jikkyou Powerful Pro Yakyuu 12",0.45,714
"J-League Excite Stage '95",0.45,714
"NFL Head Coach",0.45,714
"NHL 2005",0.45,714
"World Soccer Winning Eleven 5 Final Evolution",0.45,714
"Celebrity Sports Showdown",0.45,714
"Mario Golf: Advance Tour",0.45,714
"NBA Live 2005",0.44999999999999996,722
"World Stadium 2",0.44999999999999996,722
"PES 2009: Pro Evolution Soccer",0.44999999999999996,722
"Brunswick Pro Bowling",0.44999999999999996,722
"World Soccer Winning Eleven 9",0.44000000000000006,726
"NCAA Football 2004",0.44000000000000006,726
"Grind Session",0.44000000000000006,726
"NBA Jam",0.44000000000000006,726
"Cool Boarders",0.44000000000000006,726
"Tiger Woods PGA Tour 2003",0.44,731
"Major League Baseball 2K6",0.44,731
"NBA Live 2000",0.44,731
"Jikkyou Powerful Pro Yakyuu 9",0.44,731
"NFL Blitz 20-03",0.44,731
"World Stadium EX",0.43999999999999995,736
"Remington Great American Bird Hunt",0.43999999999999995,736
"Madden NFL 2003",0.43000000000000005,738
"SSX Tricky",0.43000000000000005,738
"ESPN NHL 2K5",0.43000000000000005,738
"MLB 2002",0.43000000000000005,738
"NHL FaceOff 99",0.43000000000000005,738
"NBA Street",0.43000000000000005,738
"FIFA 14",0.43,744
"FIFA 14",0.43,744
"Madden NFL 2002",0.43,744
"2010 FIFA World Cup South Africa",0.43,744
"Deer Drive",0.43,744
"EyeToy: AntiGrav",0.43,744
"Backyard Baseball",0.43,744
"NBA Live 06",0.42000000000000004,751
"Tony Hawk's American Wasteland",0.42000000000000004,751
"NHL Slapshot",0.42000000000000004,751
"Big Strike Bowling",0.42000000000000004,751
"Jikkyou Powerful Pro Yakyuu 6",0.42000000000000004,751
"Fishing Resort",0.42000000000000004,751
"Football Manager Handheld 2011",0.42000000000000004,751
"Cool Boarders 2001",0.42000000000000004,751
"World Soccer Jikkyou Winning Eleven 2000: U-23 Medal heno Chousen",0.42000000000000004,751
"Top Spin 4",0.42,760
"MLB 08: The Show",0.42,760
"NHL 2K6",0.42,760
"All-Star Baseball 2004",0.42,760
"Jikkyou Powerful Pro Yakyuu 11",0.42,760
"Super Famista 4",0.42,760
"Cabela's Legendary Adventures",0.42,760
"International Superstar Soccer Pro '98",0.41999999999999993,767
"Sega Superstars Tennis",0.41000000000000003,768
"NBA 2K9",0.41000000000000003,768
"NFL Blitz 2001",0.41000000000000003,768
"UEFA Euro 2008 Austria-Switzerland",0.41000000000000003,768
"NFL GameDay 2002",0.41000000000000003,768
"pro evolution soccer 2011",0.41,773
"EA Sports UFC 2",0.41,773
"MLB 10: The Show",0.41,773
"NBA Jam",0.41,773
"NFL GameDay 2004",0.41,773
"Winter Sports 2: The Next Challenge",0.41,773
"Jikkyou Powerful Pro Yakuu '94",0.41,773
"NBA Live 2002",0.4,780
"Cabela's Big Game Hunter 2010",0.4,780
"Harry Potter: Quidditch World Cup",0.4,780
"NHL 15",0.4,780
"NBA Jam",0.4,780
"'98 Koshien",0.4,780
"NBA ShootOut 2000",0.4,780
"NCAA GameBreaker 2000",0.4,780
"NFL Quarterback Club 2000",0.4,780
"Brunswick Pro Bowling",0.4,780
"Rapala Pro Bass Fishing 2010",0.4,780
"Wii Sports Club",0.4,780
"Thrasher Presents: Skate and Destroy",0.4,780
"Madden NFL Football",0.4,780
"NBA Jam",0.39999999999999997,794
"NFL GameDay 2003",0.39999999999999997,794
"Brunswick Pro Bowling",0.39999999999999997,794
"NBA Live 09",0.39000000000000007,797
"FIFA 12",0.39,798
"Madden NFL 2005",0.39,798
"NBA 2K10",0.39,798
"NBA 2K10",0.39,798
"Harry Potter: Quidditch World Cup",0.39,798
"NBA Live 09",0.39,798
"MLB 2006",0.39,798
"NHL 99",0.39,798
"Ener-G: Gym Rockets",0.39,798
"All-Star Baseball 2000",0.39,798
"Super Famista 3",0.39,798
"Hooked! Again: Real Motion Fishing",0.39,798
"Triple Play 97",0.39,798
"Virtua Tennis 2009",0.39,798
"Cabela's Dangerous Hunts 2009",0.39,798
"Get Fit with Mel B",0.39,798
"ESPN Extreme Games",0.39,798
"EA Sports Active 2",0.38999999999999996,815
"Tiger Woods PGA Tour 08",0.38999999999999996,815
"NCAA Football 11",0.38999999999999996,815
"MLB 14: The Show",0.38999999999999996,815
"NFL GameDay 2002",0.38999999999999996,815
"Cabela's Dangerous Hunts 2",0.38999999999999996,815
"Cabela's Big Game Hunter 2012",0.38000000000000006,821
"Sega Superstars Tennis",0.38,822
"Madden NFL 11",0.38,822
"SSX 3",0.38,822
"SSX 3",0.38,822
"Tiger Woods PGA Tour 08",0.38,822
"MLB 15: The Show",0.38,822
"ESPN College Hoops 2K5",0.38,822
"NCAA Football 08",0.38,822
"NHL 15",0.38,822
"Tiger Woods PGA Tour 14",0.38,822
"Super Soccer",0.38,822
"NBA 2K7",0.37999999999999995,833
Skate,0.37999999999999995,833
"Virtua Tennis 2009",0.37999999999999995,833
"NBA Inside Drive 2002",0.37000000000000005,836
"FIFA 17",0.37,837
"NCAA Football 07",0.37,837
"NFL GameDay 2001",0.37,837
"Tiger Woods PGA Tour 12: The Masters",0.37,837
"Shaun Palmer's Pro Snowboarder",0.37,837
"Tiger Woods PGA Tour 09",0.37,837
"The BIGS",0.37,837
"Major League Baseball 2K6",0.37,837
"Tiger Woods PGA Tour 14",0.37,837
"NCAA Final Four 2000",0.37,837
"Pro Evolution Soccer 2011 3D",0.37,837
"Reel Fishing III",0.37,837
"Cabela's Deer Hunt 2005 Season",0.37,837
"High Heat Major League Baseball 2003",0.37,837
"Super Formation Soccer 94",0.37,837
"Rec Room Games",0.37,837
"Barbie Horse Adventures: Blue Ribbon Race",0.37,837
"NFL Street 2 Unleashed",0.37,837
"Bottom of the 9th",0.37,837
"ESPN X Games Skateboarding",0.37,837
"High Heat Major League Baseball 2004",0.37,837
"NHL 2K10",0.37,837
"Rapala Pro Fishing",0.37,837
"ESPN: Sports Connection",0.36999999999999994,860
"ESPN NFL Football",0.36000000000000004,861
"FIFA Street 2",0.36000000000000004,861
"NHL 2K10",0.36000000000000004,861
"Big Bass World Championship",0.36000000000000004,861
"Cabela's Outdoor Adventures (2006)",0.36000000000000004,861
"Outlaw Golf 2",0.36000000000000004,861
"Vancouver 2010 - The Official Video Game of the Olympic Winter Games",0.36000000000000004,861
"Tiger Woods PGA Tour 09",0.36,868
"NBA Live 2003",0.36,868
"My Horse & Me",0.36,868
"Zero4 Champ RR",0.36,868
"North American Hunting Extravaganza",0.36,868
"AMF Bowling World Lanes",0.36,868
"J-League Pro Soccer Club o Tsukurou '04",0.36,868
"J-League Pro Soccer Club o Tsukurou!",0.36,868
"NFL Street",0.35000000000000003,876
"Cabela's Dangerous Hunts",0.35000000000000003,876
"NBA 2K12",0.35,878
"MLB 06: The Show",0.35,878
"Football Manager Handheld 2010",0.35,878
"Backyard Baseball 2006",0.35,878
"Jikkyou Powerful Pro Yakyuu 13",0.35,878
"Jikkyou Powerful Pro Yakyuu 2000",0.35,878
"Jikkyou Powerful Pro Yakyuu 7",0.35,878
"Racquet Sports",0.34,885
"College Hoops 2K8",0.34,885
"Aggressive Inline",0.34,885
"Football Manager Handheld 2008",0.34,885
"NHL 09",0.33999999999999997,889
"UEFA Euro 2008 Austria-Switzerland",0.33999999999999997,889
"Jonah Lomu Rugby Challenge",0.33999999999999997,889
"NCAA Basketball 10",0.33999999999999997,889
"Tony Hawk's American Wasteland",0.33000000000000007,893
"MVP Baseball 2005",0.33,894
"MVP 06 NCAA Baseball",0.33,894
"MLB 09: The Show",0.33,894
"NBA Live 06",0.33,894
"Rugby World Cup 2011",0.33,894
"Kelly Slater's Pro Surfer",0.33,894
"World Stadium 3",0.33,894
"Extra Bases",0.33,894
"Super Power League 2",0.33,894
"Cool Boarders 2001",0.33,894
"DECA Sports Freedom",0.33,894
"Battle Dodge Ball",0.33,894
"NBA Live 96",0.33,894
"Madden NFL 13",0.32999999999999996,907
"Madden NFL 09",0.32999999999999996,907
"EA Playground",0.32999999999999996,907
"NBA 2K10",0.32999999999999996,907
"Cabela's Dangerous Hunts 2011",0.32999999999999996,907
"Virtua Tennis 2009",0.32999999999999996,907
"SSX Blur",0.32999999999999996,907
"NBA Street V3",0.32000000000000006,914
"Shaun White Snowboarding",0.32000000000000006,914
"My Horse & Me",0.32000000000000006,914
"Madden NFL 2002",0.32,917
"NBA 2K3",0.32,917
"MLB 08: The Show",0.32,917
"Major League Baseball 2K6",0.32,917
"NCAA Basketball 10",0.32,917
"FIFA Street 3",0.32,917
"NCAA GameBreaker 2001",0.32,917
"Championship Bass",0.32,917
"NHL Breakaway 98",0.32,917
"ESPN X-Games Pro Boarder",0.32,917
"Nagano Winter Olympics 98",0.32,917
"FIFA 2001 Major League Soccer",0.32,917
"Gold's Gym: Cardio Workout (Others sales)",0.32,917
"No.1 Muscle Ranking - Kinniku Banzuke Vol. 1: Oregasaikyouno Otokoda!",0.32,917
"Disney's Extreme Skate Adventure",0.32,917
"Derby Stallion DS",0.32,917
"All-Star Baseball 2005",0.32,917
"NFL Fever 2004",0.32,917
"Virtua Striker 2",0.32,917
"The Biggest Loser",0.31999999999999995,936
"Pro Evolution Soccer 2013",0.31000000000000005,937
"Cabela's Dangerous Hunts 2011",0.31000000000000005,937
"UEFA Euro 2008 Austria-Switzerland",0.31000000000000005,937
ExerBeat,0.31000000000000005,937
"NBA ShootOut",0.31000000000000005,937
"NBA Inside Drive 2003",0.31000000000000005,937
"NHL FaceOff 2000",0.31000000000000005,937
"Madden NFL 2004",0.31,944
"MLB 07: The Show",0.31,944
"Shaun White Snowboarding",0.31,944
"Jikkyou Powerful Pro Yakyuu 14",0.31,944
"Jikkyou Powerful Pro Yakyuu Portable 3",0.31,944
"FIFA Street",0.31,944
"Cabela's Outdoor Adventures (2009)",0.31,944
"Jikkyou Powerful Pro Yakyuu 4",0.31,944
"Bass Hunter 64",0.31,944
"J-League Winning Eleven 2007: Club Championship",0.31,944
"NCAA Final Four 2002",0.31,944
"Shaun White Snowboarding: World Stage",0.31,944
"FIFA 15",0.30000000000000004,956
"NBA Street V3",0.30000000000000004,956
"Tiger Woods PGA Tour 06",0.30000000000000004,956
"NBA Live 08",0.30000000000000004,956
"Major League Baseball 2K8",0.30000000000000004,956
"Rapala Pro Bass Fishing 2010",0.30000000000000004,956
"NBA Live 2003",0.30000000000000004,956
"RealSports Boxing",0.30000000000000004,956
"Famista '91",0.3,964
Decathlete,0.3,964
"Hard Hitter Tennis",0.3,964
"Winning Post 2",0.3,964
"Power Pro Kun Pocket 6",0.3,964
"Power Pro Kun Pocket 10",0.3,964
"Power Pro Kun Pocket 4",0.3,964
"Madden NFL 08",0.29000000000000004,971
"NBA Live 06",0.29000000000000004,971
"FIFA Street 3",0.29000000000000004,971
"Disney's Extreme Skate Adventure",0.29000000000000004,971
"Reel Fishing: Angler's Dream",0.29000000000000004,971
"AMF Bowling 2004",0.29000000000000004,971
"The BIGS 2",0.29000000000000004,971
"MLB Power Pros",0.29000000000000004,971
"Outlaw Golf",0.29000000000000004,971
"Fisherman's Bait 2: Big Ol' Bass",0.29000000000000004,971
"Jikkyou Powerful Pro Yakyuu 2000 Kaimakuban",0.29000000000000004,971
"Ken Griffey Jr.'s Slugfest",0.29000000000000004,971
"MLB Pennant Race",0.29000000000000004,971
Snowboarding,0.29000000000000004,971
"PGA Tour 97",0.29000000000000004,971
"Pro Evolution Soccer 2017",0.29000000000000004,971
"Remington Super Slam Hunting: Africa",0.29000000000000004,971
"NBA In The Zone",0.29000000000000004,971
"Tony Hawk: Shred",0.29,989
"MLB SlugFest Loaded",0.29,989
Punch-Out!!,0.29,989
"J-League Victory Goal '96",0.29,989
"Jikkyou Powerful Pro Yakyuu 8",0.29,989
"Surf's Up",0.29,989
"Power Pro Kun Pocket 11",0.29,989
"NFL Blitz 20-02",0.29,989
"Bass Strike",0.29,989
"NHL Hitz 20-03",0.29,989
"Real Pool",0.29,989
"Deer Hunter",0.29,989
"Summer Heat Beach Volleyball",0.29,989
"NCAA Basketball 09",0.29,989
"NBA 2K12",0.28,1003
"Pro Evolution Soccer 2013",0.28,1003
"Triple Play 2000",0.28,1003
"Dave Mirra Freestyle BMX 2",0.28,1003
"MLB 07: The Show",0.28,1003
"Street Hoops",0.28,1003
"All Star Cheer Squad",0.28,1003
"Tiger Woods PGA Tour 07",0.28,1003
"NCAA March Madness 2005",0.28,1003
"NHL 07",0.28,1003
"Cabela's Big Game Hunter 2012",0.28,1003
"Surf's Up",0.28,1003
"Links 2004",0.28,1003
"Hot Shots Golf: World Invitational",0.28,1003
"International Superstar Soccer",0.28,1003
"NHL 2K11",0.28,1003
"Netsu Chu! Pro Yakyuu 2003",0.28,1003
"Famista '92",0.28,1003
"F1 ROC: Race of Champions",0.28,1003
"Power Pro Kun Pocket 3",0.28,1003
"Rugby World Cup 2011",0.27999999999999997,1023
"Cabela's Trophy Bucks",0.27999999999999997,1023
"FIFA Soccer 07",0.27,1025
"NBA Live 2004",0.27,1025
"Cabela's Big Game Hunter 2010",0.27,1025
"NHL 2002",0.27,1025
"Knockout Kings 2002",0.27,1025
"Major League Baseball 2K9",0.27,1025
"NHL Hitz 20-02",0.27,1025
"ESPN NBA Basketball",0.27,1025
"Major League Baseball 2K10",0.27,1025
"Rapala Pro Bass Fishing 2010",0.27,1025
"UEFA Euro 2016",0.27,1025
"Q-Ball: Billiards Master",0.27,1025
"Burstrick: Wake Boarding!!",0.27,1025
"Dave Mirra Freestyle BMX: Maximum Remix",0.27,1025
"Jikkyou Powerful Pro Yakyuu Portable 4",0.27,1025
"Sydney 2000",0.27,1025
"Slam Dunk: Yonkyo Taiketsu!!",0.27,1025
"MotionSports: Adrenaline",0.27,1025
"NBA In The Zone '98",0.27,1025
"Jikkyou Powerful Pro Yakyuu 5",0.27,1025
"NBA Jam 99",0.27,1025
"Summer Athletics: The Ultimate Challenge (US sales)",0.27,1025
"Jikkyou Powerful Pro Yakyuu 2",0.27,1025
"Jikkyou Powerful Pro Yakyuu '98 Ketteiban",0.27,1025
"NBA ShootOut 2001",0.27,1025
"Jikkyou Powerful Pro Yakyuu 2010",0.27,1025
"Don King Boxing",0.27,1025
"Gallop Racer 2: One and Only Road to Victory",0.27,1025
"NBA 07",0.27,1025
"Jikkyou Powerful Pro Yakyuu '99 Ketteiban",0.27,1025
"NCAA Gamebreaker",0.27,1025
"FIFA 14",0.26,1056
"Madden NFL 2005",0.26,1056
"Madden NFL 08",0.26,1056
"MVP Baseball 2004",0.26,1056
"Tiger Woods PGA Tour 10",0.26,1056
"All-Star Baseball 2003",0.26,1056
"MLB 09: The Show",0.26,1056
"Backyard NFL Football",0.26,1056
"Tony Hawk: Shred",0.26,1056
"Mat Hoffman's Pro BMX",0.26,1056
"The BIGS",0.26,1056
"Athens 2004",0.26,1056
"NFL Street 3",0.26,1056
"Summer Sports 2: Island Sports Party",0.26,1056
"All-Pro Football 2K8",0.26,1056
"MLB SlugFest 2006",0.26,1056
"Inazuma Eleven GO 3: Galaxy",0.26,1056
"Jikkyou Powerful Pro Yakyuu 2013",0.26,1056
"Jonah Lomu Rugby Challenge",0.26,1056
"Jikkyou Powerful Pro Yakyuu 2011",0.26,1056
"Power Pro Kun Pocket 5",0.26,1056
"NCAA March Madness 08",0.26,1056
"Evolution Skateboarding",0.26,1056
"Outlaw Volleyball",0.26,1056
"J-League Pro Soccer Club wo Tsukurou!",0.26,1056
"Dead or Alive Xtreme 2",0.26,1056
"NHL Rock the Rink",0.26,1056
"NBA ShootOut 2004",0.26,1056
"Combination Pro Soccer: J-League no Kantoku ni Natte Sekai wo Mezase!!",0.26,1056
"We Love Golf!",0.26,1056
"NBA Jam Tournament Edition",0.25,1086
"Triple Play 2002",0.25,1086
"Major League Baseball 2K7",0.25,1086
"Tony Hawk's Proving Ground",0.25,1086
"NHL 06",0.25,1086
"NBA Showtime: NBA on NBC",0.25,1086
"UEFA Euro 2008 Austria-Switzerland",0.25,1086
"Racquet Sports",0.25,1086
"Cabela's Outdoor Adventures (2009)",0.25,1086
"RealSports Football",0.25,1086
"Daisy Fuentes Pilates",0.25,1086
"Surfing H3O",0.25,1086
"Power Pro Kun Pocket 2",0.25,1086
"Amped 2",0.25,1086
"College Hoops 2K6",0.25,1086
"Fox Sports College Hoops '99",0.25,1086
"Wayne Gretzky's 3D Hockey '98",0.25,1086
"NBA Courtside 2 featuring Kobe Bryant",0.25,1086
"World Series Baseball 2K3",0.25,1086
"Pro Yakyuu Team o Tsukurou!",0.25,1086
"Tennis no Oji-Sama: Genius Boys Academy",0.25,1086
"Netsu Chu! Pro Yakyuu 2002",0.25,1086
"NBA Courtside 2002",0.25,1086
"Jikkyou Powerful Pro Yakyuu 2001",0.25,1086
"Gallop Racer (JP)",0.25,1086
MLB,0.25,1086
"Namco Tennis Smash Court",0.25,1086
"Bass Pro Shops: The Hunt",0.25,1086
"Virtua Tennis 4",0.24000000000000002,1114
"Vancouver 2010 - The Official Video Game of the Olympic Winter Games",0.24000000000000002,1114
"Don King Presents: Prizefighter",0.24000000000000002,1114
"Grand Slam Tennis 2",0.24000000000000002,1114
"Ashes Cricket 2009",0.24000000000000002,1114
"Madden NFL 13",0.24,1119
"Tiger Woods PGA Tour 2003",0.24,1119
"Tiger Woods PGA Tour 10",0.24,1119
"NCAA March Madness 2004",0.24,1119
"Tony Hawk's Proving Ground",0.24,1119
"FIFA World Cup Germany 2006",0.24,1119
"NBA Live 10",0.24,1119
"World Soccer Winning Eleven 7",0.24,1119
"Pro Yaky? Spirits 2011",0.24,1119
"Pure Futbol",0.24,1119
"Deca Sports 3",0.24,1119
"Pro Yaky? Spirits 2010",0.24,1119
"PDC World Championship Darts 2008",0.24,1119
"Jikkyou Powerful Pro Yakyuu 15",0.24,1119
"NCAA College Basketball 2K3",0.24,1119
"PGA Tour 96",0.24,1119
"Big Beach Sports 2",0.24,1119
"NHL FaceOff 2001",0.24,1119
"World Series Baseball",0.23000000000000004,1137
"Super Swing Golf",0.23000000000000004,1137
"FIFA 14",0.23,1139
"Madden NFL 06",0.23,1139
"Major League Baseball 2K10",0.23,1139
"Cabela's Big Game Hunter 2012",0.23,1139
"Tony Hawk's American Sk8land",0.23,1139
"Pro Yakyuu Team o Tsukurou!",0.23,1139
"Let's Make a Soccer Team!",0.23,1139
"All-Star Baseball 2001",0.23,1139
"ESPN NHL Hockey",0.23,1139
"NCAA GameBreaker 2003",0.23,1139
Airblade,0.23,1139
"NBA Live 15",0.23,1139
"Pro Yakyuu Team o Tsukurou! 2",0.23,1139
"Rocket League",0.23,1139
"Saka-Tsuku DS: Touch and Direct",0.23,1139
"World Soccer Winning Eleven 2010: Aoki Samurai no Chousen",0.23,1139
"NFL Blitz Pro",0.23,1139
"NCAA GameBreaker 2004",0.23,1139
"NBA ShootOut 2003",0.23,1139
"NHL FaceOff 2003",0.23,1139
"Whirl Tour",0.23,1139
"Madden NFL 12",0.22999999999999998,1160
"pro evolution soccer 2011",0.22999999999999998,1160
"NCAA Football 09",0.22999999999999998,1160
"Shaun White Snowboarding",0.22999999999999998,1160
"SSX On Tour",0.22999999999999998,1160
"Cabela's Outdoor Adventures (2009)",0.22999999999999998,1160
"Tony Hawk's Downhill Jam",0.22999999999999998,1160
"Ultimate Duck Hunting: Hunting & Retrieving Ducks",0.22999999999999998,1160
"Hooked! Real Motion Fishing",0.22999999999999998,1160
"NCAA Football 2005",0.22000000000000003,1169
"NFL 2K3",0.22000000000000003,1169
"Cabela's Deer Hunt: 2004 Season",0.22000000000000003,1169
"All-Star Baseball 2002",0.22000000000000003,1169
"NHL 2K6",0.22000000000000003,1169
"Move Fitness",0.22000000000000003,1169
"Madden NFL 07",0.22,1175
"NBA 06",0.22,1175
"Bass Pro Shops: The Strike",0.22,1175
"The BIGS 2",0.22,1175
"NCAA Basketball 09",0.22,1175
"NCAA March Madness 08",0.22,1175
"Tony Hawk's American Sk8land",0.22,1175
"Family Party: 30 Great Games Winter Fun",0.22,1175
"NBA Street: Showdown",0.22,1175
"Hamtaro: Ham-Ham Games",0.22,1175
"Rapala's Fishing Frenzy",0.22,1175
"Tony Hawk's Downhill Jam",0.22,1175
"Chou-Kuukan Night Pro Yakyuu King(higher JP sales)",0.22,1175
"NBA Live 09 All-Play",0.22,1175
"NFL Quarterback Club 2002",0.22,1175
"Rugby 2004",0.22,1175
"Jikkyou Powerful Major League",0.22,1175
"J-League Winning Eleven 2008: Club Championship",0.22,1175
"NBA Live 14",0.22,1175
"Kanzen Chuuki Pro Yakyuu Greatest Nine",0.22,1175
"Dark Summit",0.22,1175
NBA,0.22,1175
"Backyard NFL Football '09",0.22,1175
"College Hoops 2K7",0.22,1175
"MVP Baseball",0.22,1175
"Yoga Wii",0.22,1175
"Cabela's Survival: Shadows of Katmai",0.22,1175
"NCAA Football 2003",0.21000000000000002,1202
"NHL Hitz 20-02",0.21000000000000002,1202
"NFL Quarterback Club 97",0.21000000000000002,1202
"Barbie Super Sports",0.21000000000000002,1202
"NBA Jam Extreme",0.21000000000000002,1202
"NHL Championship 2000",0.21000000000000002,1202
"Saltwater Sportfishing",0.21000000000000002,1202
"Summer Athletics: The Ultimate Challenge (Others sales)",0.21000000000000002,1202
"NBA in the Zone 2000",0.21000000000000002,1202
"Cabela's Big Game Hunter: Ultimate Challenge",0.21000000000000002,1202
"RealSports Baseball",0.21000000000000002,1202
"NHL 17",0.21000000000000002,1202
"NCAA Football 10",0.21,1214
"UFC Personal Trainer: The Ultimate Fitness System",0.21,1214
"MLB 10: The Show",0.21,1214
"Cabela's Big Game Hunter (2008)",0.21,1214
"NCAA March Madness 07",0.21,1214
"Brunswick Pro Bowling",0.21,1214
"The BIGS 2",0.21,1214
"Pro Yaky? Spirits 2010",0.21,1214
"NBA Live 15",0.21,1214
"Pro Yakyuu Greatest Nine '97",0.21,1214
"Dorabase DS: Dramatic Stadium",0.21,1214
"Big League Sports",0.21,1214
"Champion Jockey: G1 Jockey & Gallop Racer",0.21,1214
"J-League Winning Eleven 10 + Europa League 06-07",0.21,1214
"ESPN Winter X Games: Snowboarding 2002",0.21,1214
"Tony Hawk's Motion",0.21,1214
"Tiger Woods PGA Tour",0.21,1214
"NHL 2K3",0.21,1214
"J-League Pro Soccer Club o Tsukurou! 7 Euro Plus",0.21,1214
"Backyard NFL Football 2006",0.21,1214
"PBR: Out of the Chute",0.21,1214
"ESPN MLB Baseball",0.21,1214
"NCAA Final Four 2004",0.21,1214
"NFL Street 2",0.2,1237
"Dave Mirra Freestyle BMX 2",0.2,1237
"NBA 2K2",0.2,1237
"MVP Baseball 2003",0.2,1237
"NHL 2003",0.2,1237
"NCAA March Madness 06",0.2,1237
"Mat Hoffman's Pro BMX 2",0.2,1237
"Outlaw Golf 2",0.2,1237
"Jikkyou Powerful Pro Yakyuu 2010",0.2,1237
"Jikkyou Powerful Pro Yakyuu 2011",0.2,1237
"Ashes Cricket 2009",0.2,1237
"Hot Shots Tennis: Get a Grip",0.2,1237
StokEd,0.2,1237
"Gallop Racer 2003: A New Breed",0.2,1237
"Cabela's North American Adventures",0.2,1237
"My Fitness Coach 2: Exercise and Nutrition",0.2,1237
"International Superstar Soccer 2000",0.2,1237
"Jikkyou Powerful Pro Yakyuu 10 Chou Ketteiban: 2003 Memorial",0.2,1237
"MLB SlugFest 20-03",0.2,1237
"International Cricket 2010",0.2,1237
"Famista 64",0.2,1237
"Twisted Edge Extreme Snowboarding",0.2,1237
"Snowboard Kids",0.2,1237
"Pro Yaky? Spirits 2013",0.2,1237
"Pro Yaky? Spirits 2013",0.2,1237
"Pro Yaky? Spirits 2012",0.2,1237
"Super Baseball Simulator 1.000",0.2,1237
"MLB 12: The Show",0.19999999999999998,1264
"UFC Personal Trainer: The Ultimate Fitness System",0.19999999999999998,1264
"Major League Baseball 2K11",0.19999999999999998,1264
"NBA 07",0.19999999999999998,1264
"Tony Hawk's Pro Skater 5",0.19999999999999998,1264
"Harry Potter: Quidditch World Cup",0.19000000000000003,1269
"2002 FIFA World Cup",0.19000000000000003,1269
"Dave Mirra Freestyle BMX 2",0.19,1271
"Tiger Woods PGA Tour 06",0.19,1271
"NBA Live 08",0.19,1271
"Tiger Woods PGA Tour 07",0.19,1271
"Barbie Horse Adventures: Riding Camp",0.19,1271
"Major League Baseball 2K12",0.19,1271
"Brunswick Pro Bowling",0.19,1271
"Grand Slam Tennis 2",0.19,1271
"NBA Live 14",0.19,1271
"Cabela's Survival: Shadows of Katmai",0.19,1271
"Rocket Power: Zero Gravity Zone",0.19,1271
"Super Dodge Ball Advance",0.19,1271
"Pro Yaky? Spirits 2012",0.19,1271
"Backyard Hockey",0.19,1271
"NHL FaceOff 2001",0.19,1271
"Power Pro Kun Pocket 12",0.19,1271
"J-League Jikkyou Winning Eleven 3",0.19,1271
"J-League Excite Stage '96",0.19,1271
"Jikkyou J-League Perfect Striker",0.19,1271
"Jikkyou Powerful Pro Yakyuu '96 Kaimakuban",0.19,1271
"Chou-Kuukan Night Pro Yakyuu King (weekly JP sales)",0.19,1271
"SSX Tricky",0.19,1271
"Pro Yakyuu Team o Tsukurou!",0.19,1271
"Shaun White Skateboarding",0.19,1271
"Active Health with Carol Vorderman",0.19,1271
"International Soccer",0.19,1271
"Gallop Racer",0.19,1271
"Pro Yaky? Spirits 4",0.19,1271
"Mathews Bowhunting",0.19,1271
"Remington Super Slam Hunting: North America",0.19,1271
"Reel Fishing Paradise 3D",0.19,1271
"J-League Pro Soccer Club o Tsukurou! 5",0.19,1271
"Pure Futbol",0.18999999999999997,1303
"FIFA 16",0.18000000000000002,1304
"FIFA Soccer 11",0.18000000000000002,1304
"FIFA Soccer 07",0.18000000000000002,1304
"Madden NFL 09",0.18000000000000002,1304
"Pro Evolution Soccer 2013",0.18000000000000002,1304
"NHL 2004",0.18000000000000002,1304
"FIFA Soccer 2002",0.18000000000000002,1304
"Cabela's Big Game Hunter 2005 Adventures",0.18000000000000002,1304
"Major League Baseball 2K10",0.18000000000000002,1304
"Cabela's Legendary Adventures",0.18000000000000002,1304
"Cabela's Survival: Shadows of Katmai",0.18000000000000002,1304
"Shaun White Skateboarding",0.18000000000000002,1304
"Big Air",0.18000000000000002,1304
"College Slam",0.18000000000000002,1304
"NBA Ballers: Chosen One",0.18000000000000002,1304
"Reel Fishing II",0.18000000000000002,1304
Backbreaker,0.18000000000000002,1304
"Brunswick Circuit Pro Bowling",0.18000000000000002,1304
"K-1 World Grand Prix",0.18000000000000002,1304
"Shawn Johnson Gymnastics",0.18000000000000002,1304
"Brunswick Cosmic Bowling",0.18000000000000002,1304
"Speedball 2100",0.18000000000000002,1304
"NFL 2K2",0.18000000000000002,1304
"NBA Inside Drive 2004",0.18000000000000002,1304
"Tiger Woods PGA Tour 2004",0.18,1328
"Barbie Horse Adventures: Riding Camp",0.18,1328
"Cabela's Dangerous Hunts 2009",0.18,1328
"ESPN X Games Skateboarding",0.18,1328
"Pro Yaky? Spirits 2011",0.18,1328
"Ashes Cricket 2009",0.18,1328
"NCAA Final Four 2003",0.18,1328
"NHL Hitz Pro",0.18,1328
"ESPN International Track & Field",0.18,1328
"Transworld Surf",0.18,1328
"Zumba Fitness Rush",0.18,1328
"NCAA Final Four 2001",0.18,1328
"Sports Illustrated for Kids: Football",0.18,1328
"Nep League DS",0.18,1328
"International Superstar Soccer 2000 (JP weekly sales)",0.18,1328
"Summer Athletics: The Ultimate Challenge",0.18,1328
"Mega Man Soccer",0.18,1328
"Soccer Tsuku Tokudai Gou: J-League Pro Soccer Club o Tsukurou",0.18,1328
"Virtua Tennis",0.18,1328
"NBA Hoopz",0.18,1328
"Backyard Basketball",0.18,1328
"Pro Yaky? Spirits 5",0.18,1328
"NBA Starting Five",0.18,1328
"EyeToy: Kinetic",0.18,1328
"SEGA Bass Fishing Duel",0.18,1328
"Mark Davis Pro Bass Challenge",0.18,1328
"FIFA 17",0.17,1354
"Winning Eleven: Pro Evolution Soccer 2007",0.17,1354
"Major League Baseball 2K9",0.17,1354
"Skate it",0.17,1354
"Cabela's Legendary Adventures",0.17,1354
"College Hoops 2K8",0.17,1354
"MotionSports: Adrenaline",0.17,1354
"Jikkyou Powerful Pro Yakyuu 2013",0.17,1354
"Backyard NFL Football '09",0.17,1354
Backbreaker,0.17,1354
"College Hoops 2K7",0.17,1354
"Jikkyou Powerful Pro Baseball 2016",0.17,1354
"Jikkyou Powerful Pro Baseball 2016",0.17,1354
"Backyard Sports Football: Rookie Rush",0.17,1354
"Rapala Fishing Frenzy 2009",0.17,1354
"Smash Court Tennis Pro Tournament",0.17,1354
"Cabela's Big Game Hunter: Hunting Party",0.17,1354
"Professional Fisherman's Tour: Northern Hemisphere",0.17,1354
"Gretzky NHL 2005",0.17,1354
"NCAA Football 09 All-Play",0.17,1354
"NHL 2K9",0.17,1354
"Power Pro Kun Pocket",0.17,1354
"Backyard Baseball '10",0.17,1354
"Top Spin 2",0.17,1354
"Jillian Michaels Fitness Ultimatum 2011",0.17,1354
"Backyard NFL Football '10",0.17,1354
"NBA 09: The Inside",0.17,1354
"NBA Live 16",0.17,1354
"Blood Bowl",0.17,1354
"Super Power League",0.17,1354
"Jikkyou Powerful Pro Yakyuu 2014",0.17,1354
"Itoi Shigesato no Bass Tsuri No. 1",0.17,1354
"NHL 07",0.16999999999999998,1386
"Sports Illustrated for Kids: Baseball",0.16999999999999998,1386
"ESPN Final Round Golf 2002",0.16999999999999998,1386
"Disney Golf",0.16999999999999998,1386
"NASCAR '15",0.16999999999999998,1386
"Pro Evolution Soccer 2015",0.16000000000000003,1391
"Shaun White Skateboarding",0.16000000000000003,1391
"Ener-G Horse Riders",0.16000000000000003,1391
"NBA 2K12",0.16,1394
"Top Spin 4",0.16,1394
"Major League Baseball 2K9",0.16,1394
"MLB 11: The Show",0.16,1394
"SSX On Tour",0.16,1394
"The BIGS",0.16,1394
"Major League Baseball 2K12",0.16,1394
"Major League Baseball 2K11",0.16,1394
"NHL 2005",0.16,1394
"Major League Baseball 2K6",0.16,1394
"FIFA Street 2",0.16,1394
"Rapala Pro Fishing",0.16,1394
"Surf's Up",0.16,1394
"NCAA Basketball 09",0.16,1394
"World Soccer Winning Eleven 2010: Aoki Samurai no Chousen",0.16,1394
"NHL 17",0.16,1394
"NCAA Final Four 2001",0.16,1394
"NBA 09: The Inside",0.16,1394
"Gallop Racer 2001",0.16,1394
"World Tour Soccer 2006",0.16,1394
"VR Golf '97",0.16,1394
"World Tour Soccer 2005",0.16,1394
"ESPN College Hoops",0.16,1394
"True Swing Golf",0.16,1394
"Let's Ride: Sunshine Stables",0.16,1394
"World Stadium 4",0.16,1394
"Kawa no Nushi Tsuri",0.16,1394
"Ready 2 Rumble Revolution",0.16,1394
"Wakeboarding Unleashed Featuring Shaun Murray",0.16,1394
"Jikkyou Powerful Pro Yakyuu 3 '97 Haru",0.16,1394
"Pro Yaky? Spirits 3",0.16,1394
"International Superstar Soccer Deluxe",0.16,1394
"Little League World Series Baseball 2009",0.16,1394
"Ener-G: Dance Squad",0.16,1394
"Power Stakes",0.16,1394
"Jikkyou Powerful Pro Yakyuu Basic-han 2001",0.16,1394
"Blitz: The League",0.16,1394
"Battle Soccer: Field no Hasha",0.16,1394
"Amped 3",0.16,1394
"FIFA Soccer 96",0.16,1394
"J-League Jikkyou Winning Eleven 2000",0.16,1394
"Blitz: The League II",0.16,1394
"Imagine: Ice Champions",0.16,1394
"J-League Pro Soccer Club o Tsukurou! 6: Pride of J",0.16,1394
"Nicktoons: MLB",0.16,1394
"BCFX: The Black College Football Xperience, The Doug Williams Edition",0.16,1394
"FIFA Soccer 97",0.16,1394
"Backyard Sports: Sandlot Sluggers",0.16,1394
"NBA Street Homecourt",0.15999999999999998,1442
"FIFA Soccer 2002",0.15000000000000002,1443
"Arena Football",0.15000000000000002,1443
"SSX On Tour",0.15000000000000002,1443
"Major League Baseball 2K10",0.15000000000000002,1443
"Major League Baseball 2K13",0.15000000000000002,1443
"NFL Blitz 20-03",0.15000000000000002,1443
"NHL 2K10",0.15000000000000002,1443
"All-Star Baseball 2005",0.15000000000000002,1443
"All-Pro Football 2K8",0.15000000000000002,1443
"World Series Baseball 2K3",0.15000000000000002,1443
"NCAA College Basketball 2K3",0.15000000000000002,1443
"NBA 09: The Inside",0.15000000000000002,1443
"Backyard Sports: Sandlot Sluggers",0.15000000000000002,1443
"FIFA 06: Road to FIFA World Cup",0.15000000000000002,1443
"Home Run",0.15000000000000002,1443
"Active Life Explorer",0.15000000000000002,1443
"MLB Power Pros 2008",0.15000000000000002,1443
"Family Party: Fitness Fun",0.15000000000000002,1443
"Winning Post 4",0.15000000000000002,1443
"No.1 Muscle Ranking - Kinniku Banzuke Vol. 2: Aratanarugenkai Enochousen!",0.15000000000000002,1443
"Gallop & Ride!",0.15000000000000002,1443
"Baseball Blast!",0.15000000000000002,1443
"NCAA Football 2004",0.15,1465
"Tiger Woods PGA Tour 2004",0.15,1465
"NBA 2K3",0.15,1465
"All-Star Baseball 2003",0.15,1465
"All-Star Baseball 2003",0.15,1465
"Major League Baseball 2K8",0.15,1465
"NHL 09",0.15,1465
"Mat Hoffman's Pro BMX 2",0.15,1465
"Virtua Tennis 4",0.15,1465
"NCAA GameBreaker 2001",0.15,1465
"Knockout Kings 2003",0.15,1465
"Jikkyou Powerful Pro Yakyuu Portable",0.15,1465
"Jikkyou Powerful Pro Yakyuu 2009",0.15,1465
"World League Soccer",0.15,1465
"NBA ShootOut 2001",0.15,1465
"J-League Victory Goal",0.15,1465
"Derby Stallion 64",0.15,1465
"Pro Yaky? Spirits 6",0.15,1465
"Power Pro Kun Pocket 9",0.15,1465
"NewU Fitness First Mind Body, Yoga & Pilates Workout",0.15,1465
"BMX XXX",0.15,1465
"FIFA Soccer 2005",0.14,1486
"Football Manager 2012",0.14,1486
"Football Manager 2014",0.14,1486
"Major League Baseball 2K8",0.14,1486
"NFL Blitz 20-03",0.14,1486
"NHL 2K10",0.14,1486
"College Hoops 2K8",0.14,1486
"Cabela's Outdoor Adventures (2009)",0.14,1486
"MLB SlugFest 20-03",0.14,1486
"NHL 2K9",0.14,1486
"Little League World Series Baseball 2009",0.14,1486
"MLB Power Pros 2008",0.14,1486
"Power Pro Kun Pocket 1+2",0.14,1486
"High Velocity Bowling",0.14,1486
"Tiger Woods PGA Tour",0.14,1486
"Tennis no Oji-Sama: Aim at The Victory!",0.14,1486
"Derby Stallion Gold",0.14,1486
"Fox Sports Golf '99",0.14,1486
"Super Dodgeball Brawlers",0.14,1486
"Jonny Moseley Mad Trix",0.14,1486
"Gretzky NHL 06",0.14,1486
"Gretzky NHL 06",0.14,1486
"PANGYA: Fantasy Golf",0.14,1486
"NFL Head Coach 09",0.14,1486
"World Tour Soccer 2003",0.14,1486
"My Fitness Coach: Club",0.14,1486
"NBA ShootOut 2002",0.14,1486
"Bassmasters 2000",0.14,1486
"Buck Fever",0.14,1486
"NCAA Basketball Final Four 97",0.14,1486
"Frank Thomas Big Hurt Baseball",0.14,1486
"Power Pro Kun Pocket 8",0.14,1486
"Bottom of the 9th",0.14,1486
"Pro Yaky? Spirits 2014",0.14,1486
"Jikkyou Powerful Pro Yakyuu Wii",0.14,1486
"Cabela's African Safari",0.14,1486
"FIFA 06 Soccer",0.14,1486
"Pro Yakyuu Netsu Star 2006",0.14,1486
"Famista Returns",0.14,1486
"World Soccer Winning Eleven 9 Bonus Pack",0.14,1486
"UEFA Euro 2004: Portugal",0.14,1486
"World Tour Soccer 2002",0.14,1486
"Let's Play Ballerina",0.14,1486
"NHL Breakaway 98",0.14,1486
"Salt Lake 2002",0.14,1486
"Winter Stars",0.14,1486
"Baseball Advance",0.14,1486
"International Cricket 2010",0.13999999999999999,1533
"NBA 2K13",0.13,1534
"Tiger Woods PGA Tour 2005",0.13,1534
"NHL 2003",0.13,1534
"Pro Evolution Soccer 2016",0.13,1534
"Pro Evolution Soccer 2015",0.13,1534
"MLB 13: The Show",0.13,1534
"MLB 14: The Show",0.13,1534
"Cabela's Dangerous Hunts 2011",0.13,1534
"MLB 11: The Show",0.13,1534
"FIFA World Cup Germany 2006",0.13,1534
"All-Star Baseball 2004",0.13,1534
"NBA Jam",0.13,1534
"Cabela's Dangerous Hunts 2009",0.13,1534
"Cabela's Dangerous Hunts 2009",0.13,1534
"The BIGS 2",0.13,1534
"Rocket League",0.13,1534
"PBR: Out of the Chute",0.13,1534
"ESPN MLB Baseball",0.13,1534
"NBA Ballers: Chosen One",0.13,1534
"NBA Hoopz",0.13,1534
"Backyard Sports Football: Rookie Rush",0.13,1534
"NHL 2K9",0.13,1534
"Nicktoons: MLB",0.13,1534
"Pro Yaky? Spirits 6",0.13,1534
"Back At The Barnyard: Slop Bucket Games",0.13,1534
"Backyard Soccer",0.13,1534
"NHL 2K8",0.13,1534
"Kurt Warner's Arena Football Unleashed",0.13,1534
"Transworld Surf",0.13,1534
"Rugby 15",0.13,1534
"The Flintstones: Bedrock Bowling",0.13,1534
"Jikkyou Powerful Pro Yakyuu 2011 Ketteiban",0.13,1534
"Nagano Winter Olympics '98",0.13,1534
"Winning Post 5",0.13,1534
"All Star Cheer Squad 2",0.13,1534
"Soccer Tsuku DS: World Challenge 2010",0.13,1534
"NBA 08",0.13,1534
"NBA 08",0.13,1534
"No Fear Downhill Mountain Biking",0.13,1534
"Academy of Champions: Soccer",0.13,1534
"NBA Jam 2000",0.13,1534
"Cabela's Alaskan Adventure",0.13,1534
"Shimano Xtreme Fishing",0.13,1534
"RealSports Volleyball",0.13,1534
"Namco Soccer Prime Goal",0.13,1534
"Backyard Baseball '09",0.13,1534
"Backyard Baseball",0.13,1534
"Surf Riders",0.13,1534
"Torino 2006",0.13,1534
"Fit in Six",0.13,1534
"World Cup Golf: Professional Edition",0.13,1534
"Soccer Tsuku: Pro Soccer Club o Tsukurou!",0.13,1534
"Smash Court Tennis Pro Tournament 2",0.13,1534
"Power Pro Kun Pocket 13",0.13,1534
"World Soccer Winning Eleven 2002",0.13,1534
"Actua Tennis",0.13,1534
"Peter Jacobsen's Golden Tee Golf",0.13,1534
"After Hours Athletes",0.13,1534
"Deadliest Catch: Sea of Chaos",0.13,1534
"WRC 5: FIA World Rally Championship",0.13,1534
"Sega Soccer Slam",0.13,1534
"MTV Sports: Pure Ride",0.13,1534
"HardBall 5",0.12000000000000001,1596
"Madden NFL 06",0.12,1597
"FIFA Soccer 06",0.12,1597
"SSX 3",0.12,1597
"NBA Ballers: Phenom",0.12,1597
"NFL Head Coach",0.12,1597
"Kelly Slater's Pro Surfer",0.12,1597
"Cabela's North American Adventures",0.12,1597
"Backyard Sports Football: Rookie Rush",0.12,1597
"Backyard Baseball '10",0.12,1597
"Jikkyou Powerful Pro Yakyuu 2014",0.12,1597
"NFL Head Coach 09",0.12,1597
"Derby Stallion Advance",0.12,1597
"Fit in Six",0.12,1597
"Kidz Sports: Crazy Golf",0.12,1597
"Nippon Daihyou Team no Kantoku ni Narou! Sekaihatsu Soccer RPG",0.12,1597
"NHL 2K7",0.12,1597
"NHL 2002",0.12,1597
"Major League Baseball 2K8 Fantasy All-Stars",0.12,1597
"Mountain Sports",0.12,1597
"Gallop Racer 2000",0.12,1597
"NFL QB Club 2001",0.12,1597
"Skate City Heroes",0.12,1597
"College Hoops 2K6",0.12,1597
"Jikkyou Powerful Pro Yakyuu 8 Ketteiban",0.12,1597
"Major League Baseball 2K6",0.12,1597
"Tecmo Bowl: Kickoff",0.12,1597
"MLB Inside Pitch 2003",0.12,1597
"Self-Defense Training Camp",0.12,1597
"Deca Sports Extreme",0.12,1597
"Don Bradman Cricket 14",0.12,1597
"Harukanaru Augusta 2: Masters",0.12,1597
"NFL Tour",0.12,1597
"Power Pro Kun Pocket 14",0.12,1597
"Brunswick Pro Bowling",0.12,1597
"Dorabase 2: Nettou Ultra Stadium",0.12,1597
"FIFA Soccer",0.12,1597
"PDC World Championship Darts: Pro Tour",0.12,1597
"Super Swing Golf Season 2",0.12,1597
"Jikkyou Powerful Pro Yakyuu '95",0.12,1597
"Vacation Sports",0.12,1597
"John Daly's ProStroke Golf",0.12,1597
"NBA 2K2",0.11,1638
"FIFA World Cup Germany 2006",0.11,1638
"The BIGS",0.11,1638
"Jikkyou Powerful Pro Yakyuu 9",0.11,1638
"Cabela's Deer Hunt 2005 Season",0.11,1638
"FIFA Street 2",0.11,1638
"Disney's Extreme Skate Adventure",0.11,1638
"MLB Power Pros",0.11,1638
"Surf's Up",0.11,1638
"UEFA Euro 2016",0.11,1638
"NHL 2K3",0.11,1638
"Cabela's North American Adventures",0.11,1638
"Tony Hawk's Pro Skater 5",0.11,1638
"Pro Yaky? Spirits 5",0.11,1638
"Jikkyou Powerful Pro Baseball 2016",0.11,1638
"Backyard Baseball '10",0.11,1638
"Backyard NFL Football '10",0.11,1638
"Nicktoons: MLB",0.11,1638
"Rugby 15",0.11,1638
"Street Hoops",0.11,1638
"Tecmo Super Bowl",0.11,1638
"NHL Powerplay '96",0.11,1638
"Jikkyou Powerful Pro Yakyuu 12 Ketteiban",0.11,1638
"NBA Jam 2002",0.11,1638
"Pocket Soccer League: Calciobit",0.11,1638
"World Championship Rugby",0.11,1638
"Family Fun Football",0.11,1638
"International Track & Field 2000",0.11,1638
"PDC World Championship Darts: Pro Tour",0.11,1638
"J-League Winning Eleven 9: Asia Championship",0.11,1638
"Home Run King",0.11,1638
"Smash Court Tennis 3",0.11,1638
DualPenSports,0.11,1638
"Snowboard Kids 2",0.11,1638
"Classic Road",0.11,1638
"Winter Heat",0.11,1638
"Deca Sports DS",0.11,1638
"Tournament Pool",0.11,1638
"Black Bass with Blue Marlin",0.11,1638
"Hyper Formation Soccer",0.11,1638
"Big League Sports: Summer",0.11,1638
"Pro Yakyuu Team o Tsukurou! 2",0.11,1638
"Kuroko's Basketball: Miracle Game",0.11,1638
"Jikkyou Powerful Pro Yakyuu 13 Ketteiban",0.11,1638
"Brunswick Circuit Pro Bowling 2",0.11,1638
"Imagine: Soccer Captain",0.11,1638
"Gallop Racer 2006",0.11,1638
"Gretzky NHL",0.11,1638
"Olympic Summer Games: Atlanta 1996",0.11,1638
"Champion Jockey: G1 Jockey & Gallop Racer",0.10999999999999999,1687
"Michael Phelps: Push the Limit",0.10999999999999999,1687
"Rocky Balboa",0.10999999999999999,1687
"Goal Storm '97",0.10999999999999999,1687
"Big League Sports",0.10999999999999999,1687
"NHL 2004",0.1,1692
"Tiger Woods PGA Tour 06",0.1,1692
"Jikkyou Powerful Pro Yakyuu 10",0.1,1692
"Cabela's Dangerous Hunts 2",0.1,1692
"Kelly Slater's Pro Surfer",0.1,1692
"FIFA Street 3",0.1,1692
"Disney's Extreme Skate Adventure",0.1,1692
"FIFA Street",0.1,1692
"NHL Hitz 20-03",0.1,1692
"Jikkyou Powerful Pro Yakyuu 2013",0.1,1692
"Pro Yaky? Spirits 2010",0.1,1692
"ESPN NHL Hockey",0.1,1692
"Dark Summit",0.1,1692
"BMX XXX",0.1,1692
"Outlaw Golf: Nine Holes of Christmas",0.1,1692
"NHL Rivals 2004",0.1,1692
"Power Pocket Koushien",0.1,1692
"Derby Stallion P",0.1,1692
"Cabela's Outdoor Adventures",0.1,1692
"Pro Yakyuu Famista DS 2009",0.1,1692
"G1 Jockey 3",0.1,1692
"Atsumare! Power Pro Kun no DS Koushien",0.1,1692
"Football Director DS",0.1,1692
"World Snooker Championship 2007",0.1,1692
"Beach Spikers: Virtua Beach Volleyball",0.1,1692
"Virtual Pool 64",0.1,1692
"International Superstar Soccer 64 (weekly JP sales)",0.1,1692
"Milo's Astro Lanes",0.1,1692
"Project FIFA World Cup",0.1,1692
"Derby Jockey 2",0.1,1692
"Pro Yakyuu Famista DS",0.1,1692
"Tennis no Oji-Sama: Motto Gakuensai no Ouji-Sama - More Sweet Edition",0.1,1692
"Kuroko's Basketball: Miracle Game",0.1,1692
"Winning Eleven: Pro Evolution Soccer 2007",0.09999999999999999,1725
"Pro Evolution Soccer 2016",0.09999999999999999,1725
"Major League Baseball 2K11",0.09999999999999999,1725
"NHL 2K6",0.09999999999999999,1725
"Rapala Pro Bass Fishing 2010",0.09999999999999999,1725
"The BIGS 2",0.09999999999999999,1725
"Surf's Up",0.09999999999999999,1725
"NBA Live 16",0.09999999999999999,1725
"Blitz: The League II",0.09999999999999999,1725
"Backyard Sports: Sandlot Sluggers",0.09999999999999999,1725
"NHL 2K8",0.09999999999999999,1725
"Winter Stars",0.09999999999999999,1725
"NFL Tour",0.09999999999999999,1725
"Top Angler: Real Bass Fishing",0.09999999999999999,1725
"Real World Golf",0.09999999999999999,1725
"Big League Sports: Summer",0.09999999999999999,1725
"Gravity Games Bike: Street Vert Dirt",0.09999999999999999,1725
"Top Spin",0.09999999999999999,1725
"Dancing on Ice",0.09999999999999999,1725
"Little League World Series Baseball 2008",0.09999999999999999,1725
"King of Clubs: Mini Golf",0.09999999999999999,1725
"NBA Ballers: Rebound",0.09999999999999999,1725
"Little League World Series Baseball 2010",0.09999999999999999,1725
"Blitz: Overtime",0.09999999999999999,1725
"Field & Stream: Total Outdoorsman Challenge",0.09999999999999999,1725
"Fishing Master World Tour",0.09999999999999999,1725
"World Stadium 5",0.09999999999999999,1725
"ESPN NBA 2Night",0.09999999999999999,1725
"Alien Monster Bowling League",0.09999999999999999,1725
"Ribbit King",0.09999999999999999,1725
"Championship Foosball",0.09999999999999999,1725
"Let's Ride! Silver Buckle Stables",0.09999999999999999,1725
"World Soccer Winning Eleven 8 International",0.09000000000000001,1757
"Cabela's Big Game Hunter",0.09000000000000001,1757
"MLB SlugFest 20-04",0.09000000000000001,1757
"MLB SlugFest Loaded",0.09000000000000001,1757
"NFL Blitz 20-02",0.09000000000000001,1757
"NFL Blitz 20-02",0.09000000000000001,1757
"College Hoops 2K6",0.09000000000000001,1757
"WSC Real 11: World Snooker Championship",0.09000000000000001,1757
"Yourself Fitness",0.09000000000000001,1757
"Transworld Snowboarding",0.09000000000000001,1757
"NBA 2K16",0.09,1767
"Pro Evolution Soccer 2013",0.09,1767
"Major League Baseball 2K7",0.09,1767
"Major League Baseball 2K9",0.09,1767
"Major League Baseball 2K12",0.09,1767
"Major League Baseball 2K12",0.09,1767
"Jikkyou Powerful Pro Yakyuu 11",0.09,1767
"Get Fit with Mel B",0.09,1767
"NCAA March Madness 08",0.09,1767
"Bass Pro Shops: The Hunt",0.09,1767
"World Soccer Winning Eleven 2010: Aoki Samurai no Chousen",0.09,1767
"Cabela's North American Adventures",0.09,1767
"Pro Yaky? Spirits 2014",0.09,1767
"Winter Stars",0.09,1767
"Rugby 15",0.09,1767
"Deadliest Catch: Sea of Chaos",0.09,1767
"Deadliest Catch: Sea of Chaos",0.09,1767
"Winning Post 6",0.09,1767
"World Cup '98 France: Road to Win",0.09,1767
"Pro Yakyuu Greatest Nine 98",0.09,1767
"FIFA 2001: Major League Soccer",0.09,1767
"Jikkyou Powerful Pro Yakyuu 14 Ketteiban",0.09,1767
"Jikkyou Powerful Pro Yakyuu 9 Ketteiban",0.09,1767
"World Championship Games: A Track & Field Event",0.09,1767
"Jikkyou Powerful Pro Yakyuu Portable 2",0.09,1767
"Go Play: City Sports",0.09,1767
"Ski and Shoot",0.09,1767
"MLB Superstars",0.09,1767
"Captain Tsubasa: Aratanaru Densetsu Joshou",0.09,1767
"Remington Super Slam Hunting: Alaska",0.09,1767
"Wacky World of Sports",0.09,1767
"Little League World Series Baseball: Double Play",0.09,1767
"Little League World Series Baseball: Double Play",0.09,1767
"MLB 2K9 Fantasy All-Stars",0.09,1767
"Jikkyou Powerful Pro Yakyuu 2000 Ketteiban",0.09,1767
"Derby Stallion",0.09,1767
"Sega Bass Fishing",0.09,1767
"Diva Girls: Divas on Ice",0.09,1767
"101-in-1 Sports Megamix",0.09,1767
"FIFA 12",0.08,1806
"FIFA Soccer 2005",0.08,1806
"FIFA Soccer 2003",0.08,1806
"Madden NFL 08",0.08,1806
"Pro Evolution Soccer 2013",0.08,1806
"NCAA Football 08",0.08,1806
"NHL 06",0.08,1806
"Jillian Michaels Fitness Ultimatum 2010",0.08,1806
"Tony Hawk's Pro Skater 3",0.08,1806
"Jikkyou Powerful Pro Yakyuu 12",0.08,1806
"All-Star Baseball 2004",0.08,1806
"Winter Sports 2: The Next Challenge",0.08,1806
"Rapala Pro Bass Fishing 2010",0.08,1806
"FIFA Street 2",0.08,1806
"High Heat Major League Baseball 2004",0.08,1806
"Outlaw Golf",0.08,1806
"NHL Hitz 20-03",0.08,1806
"Jikkyou Powerful Pro Yakyuu 15",0.08,1806
"Backyard NFL Football '09",0.08,1806
"Cabela's North American Adventures",0.08,1806
"NHL 2K7",0.08,1806
"WRC 5: FIA World Rally Championship",0.08,1806
"Little League World Series Baseball 2010",0.08,1806
"Agassi Tennis Generation",0.08,1806
"Rugby 2005",0.08,1806
"Fire Pro Wrestling Returns",0.08,1806
"Derby Tsuku: Derby Uma o Tsukurou!",0.08,1806
"Captain Tsubasa: New Kick Off",0.08,1806
"ESPN NFL Primetime 2002",0.08,1806
"Get Fit with Mel B",0.08,1806
"Orega Kantoku Da! Gekitou Pennant Race",0.08,1806
"LEGO Soccer Mania",0.08,1806
"LEGO Soccer Mania",0.08,1806
"Derby Stallion 98",0.08,1806
"J-League Winning Eleven 2009: Club Championship",0.08,1806
"Swingerz Golf",0.08,1806
"Pro Evolution Soccer 2008 (JP sales)",0.08,1806
"Slam 'n Jam '96 featuring Magic & Kareem",0.08,1806
"Jikkyou Powerful Major League 2009",0.08,1806
"NHL Breakaway 99",0.08,1806
"NBA 10: The Inside",0.08,1806
"Boxing Fever",0.08,1806
"New International Track & Field",0.08,1806
"Skydiving Extreme",0.08,1806
"Striker 96",0.08,1806
"Outlaw Tennis",0.08,1806
"The Golf Club",0.08,1806
"MLB Front Office Manager",0.08,1806
"Ultimate Duck Hunting",0.08,1806
"Jikkyou Powerful Pro Yakyuu Next",0.08,1806
"Pro Yakyuu Famista DS 2010",0.08,1806
"Captain Tsubasa",0.08,1806
"World Tour Soccer 06",0.08,1806
"The Hustle: Detroit Streets",0.08,1806
"Tennis no Oji-Sama Gyutto! DokiDoki Survival - Umi to Yama no Love Passion",0.08,1806
"Backyard NBA Basketball",0.08,1806
"Harlem Globetrotters: World Tour",0.08,1806
"Backyard Hockey",0.08,1806
"Madden NFL 17",0.07999999999999999,1864
"Major League Baseball 2K11",0.07999999999999999,1864
"Winter Sports 2: The Next Challenge",0.07999999999999999,1864
"Don King Boxing",0.07999999999999999,1864
"Sports Collection",0.07999999999999999,1864
"10 Minute Solution",0.07999999999999999,1864
"FIFA Soccer 06",0.07,1870
"Madden NFL 17",0.07,1870
"All-Star Baseball 2004",0.07,1870
"Pro Yaky? Spirits 2011",0.07,1870
"Pro Yaky? Spirits 4",0.07,1870
"Pro Yaky? Spirits 2014",0.07,1870
"Jikkyou Powerful Pro Yakyuu 2011 Ketteiban",0.07,1870
"Soccer Tsuku: Pro Soccer Club o Tsukurou!",0.07,1870
"Super Football",0.07,1870
"Super Baseball",0.07,1870
"NHL Open Ice",0.07,1870
"Classic Road",0.07,1870
"Derby Jockey: Kishou e no Michi",0.07,1870
"Winning Post 7 2012",0.07,1870
"River King: Mystic Valley (US sales)",0.07,1870
"Winning Eleven Playmaker 2010: Aoki Samurai no Chousen",0.07,1870
"Alexi Lalas International Soccer",0.07,1870
"Itoi Shigesato no Bass Tsuri No. 1 Ketteihan!",0.07,1870
"Disney Sports Skateboarding",0.07,1870
"Rec Room Games",0.07,1870
"Shounen Sunday x Shounen Magazine: Nettou! Dream Nine",0.07,1870
"John Madden Football",0.07,1870
"Billy's Boot Camp: Wii de Enjoy Diet!",0.07,1870
"My Horse & Me: Riding for Gold",0.07,1870
"Power Pro GB",0.07,1870
"The Putter Golf",0.07,1870
"Nichibeikan Pro Yakyuu: Final League",0.07,1870
"Winning Post 7 2010",0.07,1870
"The Final Round",0.07,1870
"ESPN Winter X-Games: Snowboarding 2002",0.07,1870
"Pro Evolution Soccer 2015",0.06999999999999999,1900
"Winter Sports 2: The Next Challenge",0.06999999999999999,1900
"Rapala Pro Bass Fishing 2010",0.06999999999999999,1900
"Tony Hawk's Pro Skater 5",0.06999999999999999,1900
"NHL 2K9",0.06999999999999999,1900
"MLB Front Office Manager",0.06999999999999999,1900
"Winter Sports 2011",0.06999999999999999,1900
"Rugby League 3",0.06999999999999999,1900
"Rugby World Cup 2015",0.06999999999999999,1900
"Dave Mirra BMX Challenge",0.06999999999999999,1900
"Football Manager 2010",0.06999999999999999,1900
"Dave Mirra BMX Challenge",0.06999999999999999,1900
"ESPN National Hockey Night",0.06999999999999999,1900
"Mia Hamm Soccer 64",0.06999999999999999,1900
"Family Trainer: Treasure Adventure",0.06999999999999999,1900
"Mario Tennis",0.06999999999999999,1900
"RedCard 20-03",0.06999999999999999,1900
"FIFA Soccer 07",0.060000000000000005,1917
"pro evolution soccer 2011",0.060000000000000005,1917
"Virtua Tennis 3",0.060000000000000005,1917
"FIFA Soccer 2004",0.060000000000000005,1917
"Cabela's Big Game Hunter 2005 Adventures",0.060000000000000005,1917
"Barbie Horse Adventures: Wild Horse Rescue",0.060000000000000005,1917
"NHL 2005",0.060000000000000005,1917
"Aggressive Inline",0.060000000000000005,1917
"Kelly Slater's Pro Surfer",0.060000000000000005,1917
"Champion Jockey: G1 Jockey & Gallop Racer",0.060000000000000005,1917
"NHL Hitz Pro",0.060000000000000005,1917
"Backyard NFL Football '10",0.060000000000000005,1917
"BMX XXX",0.060000000000000005,1917
"My Fitness Coach: Club",0.060000000000000005,1917
"Rugby 15",0.060000000000000005,1917
"Sega Soccer Slam",0.060000000000000005,1917
"Rugby World Cup 2015",0.060000000000000005,1917
"NCAA College Football 2K3",0.060000000000000005,1917
"Disney Sports Skateboarding",0.060000000000000005,1917
"Gallop Racer 2004",0.060000000000000005,1917
"Deathrow: Underground Team Combat",0.060000000000000005,1917
"Strike Force Bowling",0.060000000000000005,1917
"Brunswick Circuit Pro Bowling",0.060000000000000005,1917
"Olympic Hockey 98",0.060000000000000005,1917
CyberTiger,0.060000000000000005,1917
"Mike Piazza's Strike Zone",0.060000000000000005,1917
"Archer Maclean Presents: Pool Paradise",0.060000000000000005,1917
"ESPN International Winter Sports 2002",0.060000000000000005,1917
"MX vs. ATV Supercross Encore",0.060000000000000005,1917
"Backyard NFL Football '08",0.060000000000000005,1917
"Handball 16",0.060000000000000005,1917
"WTA Tour Tennis",0.060000000000000005,1917
"Mountain Bike Adrenaline",0.060000000000000005,1917
"Cabela's Big Game Hunter (2008)",0.06,1950
"Major League Baseball 2K10",0.06,1950
"Rapala Pro Fishing",0.06,1950
"Pro Yaky? Spirits 2013",0.06,1950
"Pro Yaky? Spirits 2012",0.06,1950
"Salt Lake 2002",0.06,1950
"Little League World Series Baseball 2008",0.06,1950
"AMF Bowling Pinbusters!",0.06,1950
"My Horse & Me: Riding for Gold",0.06,1950
"Basketball Hall of Fame Ultimate Hoops Challenge",0.06,1950
"Cabela's Trophy Bucks",0.06,1950
"Fishing Master (jp sales)",0.06,1950
"World Cup of Pool",0.06,1950
"Power Pro Success Legends",0.06,1950
"Cabela's Dangerous Hunts: Ultimate Challenge",0.06,1950
"Worldwide Soccer",0.06,1950
"Winning Post 4 Maximum",0.06,1950
"Pro Yakyuu Netsu Star 2007",0.06,1950
"Backyard Skateboarding 2006",0.06,1950
"Minna no Sukkiri",0.06,1950
"Eikan wa Kimini 2002: Koshien no Kodou",0.06,1950
"G1 Jockey 2",0.06,1950
"Tennis no Oji-Sama: Doubles no Oji-Sama - Girls, Be Gracious!",0.06,1950
"Pro Yakyuu Famista 2011",0.06,1950
"Jikkyou Powerful Pro Yakyuu DreamCast Edition",0.06,1950
"FIFA 17",0.05,1975
"FIFA Soccer 06",0.05,1975
"FIFA Soccer 10",0.05,1975
"FIFA Soccer 2003",0.05,1975
"NBA Live 07",0.05,1975
"NBA 2K17",0.05,1975
"NBA 2K17",0.05,1975
"Virtua Tennis 3",0.05,1975
"Tiger Woods PGA Tour 08",0.05,1975
"FIFA Soccer 2004",0.05,1975
"2002 FIFA World Cup",0.05,1975
"Cabela's Big Game Hunter 2005 Adventures",0.05,1975
"Major League Baseball 2K11",0.05,1975
"Major League Baseball 2K11",0.05,1975
"Aggressive Inline",0.05,1975
"Jonah Lomu Rugby Challenge",0.05,1975
"FIFA Street",0.05,1975
"The BIGS 2",0.05,1975
"Pro Evolution Soccer 2017",0.05,1975
"MLB SlugFest 2006",0.05,1975
"Wayne Gretzky's 3D Hockey '98",0.05,1975
"NFL Blitz Pro",0.05,1975
"Whirl Tour",0.05,1975
"NFL Quarterback Club 2002",0.05,1975
"Tony Hawk's Pro Skater 5",0.05,1975
"Top Spin 2",0.05,1975
"Wakeboarding Unleashed Featuring Shaun Murray",0.05,1975
"MLB Power Pros 2008",0.05,1975
"UEFA Euro 2004: Portugal",0.05,1975
"Rugby 15",0.05,1975
"WRC 5: FIA World Rally Championship",0.05,1975
"Sega Soccer Slam",0.05,1975
"Ribbit King",0.05,1975
"WSC Real 11: World Snooker Championship",0.05,1975
"Rugby 2005",0.05,1975
"Diva Girls: Divas on Ice",0.05,1975
"Winter Sports 2011",0.05,1975
"Winning Post 7 2010",0.05,1975
"Championship Surfer",0.05,1975
"Blast Lacrosse",0.05,1975
"NBA Hangtime",0.05,1975
"World Soccer Winning Eleven 9 (US sales)",0.05,1975
"Klonoa Beach Volleyball",0.05,1975
"Splat Renegade Paintball",0.05,1975
"Real Soccer 2009",0.05,1975
"World Championship Athletics",0.05,1975
"Interplay Sports Baseball 2000",0.05,1975
"Kid Fit Island Resort",0.05,1975
"ESPN International Winter Sports 2002",0.05,1975
"Handball 16",0.05,1975
"Sled Shred featuring the Jamaican Bobsled Team",0.05,1975
"NHL Powerplay 98",0.05,1975
"Olympic Soccer: Atlanta 1996",0.05,1975
"Princess on Ice",0.05,1975
"Bottom of the 9th '99",0.05,1975
"Bass Rise",0.05,1975
"UEFA Champions League 2006-2007",0.05,1975
"Pro Yakyuu Spirits 5 Kanzenban",0.05,1975
"Dead or Alive Xtreme 3: Fortune",0.05,1975
"Monster! Bass Fishing",0.05,1975
"Tennis no Oji-Sama: 2005 Crystal Drive",0.05,1975
"Yanya Caballista: City Skater",0.05,1975
"NHL Blades of Steel '99",0.05,1975
"All Star Tennis 99",0.05,1975
"Winning Post World",0.05,1975
"Slam Dunk SD Heat Up!!",0.05,1975
"My Body Coach",0.05,1975
"Winning Post 7 2013",0.05,1975
"Dark Summit",0.05,1975
"Keiba Eight Special",0.05,1975
"Reel Fishing: The Great Outdoors",0.05,1975
"Pirates vs Ninja Dodgeball",0.05,1975
"Pro Cycling Manager 2016",0.05,1975
"Power Spike Pro Beach Volleyball",0.05,1975
"NBA 2K",0.05,1975
"J-League Winning Eleven 2010: Club Championship",0.05,1975
"Finny the Fish & the Seven Waters",0.05,1975
"J-League '96 Dream Stadium",0.05,1975
"Rugby 06",0.05,1975
"Powerful Golf",0.05,1975
"VR Soccer '96",0.05,1975
"World Championship Pool 2004",0.05,1975
"River City Soccer Hooligans",0.05,1975
"World Fantasista",0.05,1975
"The Hustle: Detroit Streets",0.05,1975
"Rugby Challenge 3",0.05,1975
"Yourself Fitness",0.05,1975
"Fisherman's Challenge",0.05,1975
"MLB 15: The Show",0.04,2063
"Pro Evolution Soccer 2016",0.04,2063
"Strike Force Bowling",0.04,2063
"NHL 16",0.04,2063
"MLB SlugFest 20-04",0.04,2063
"Major League Baseball 2K12",0.04,2063
"Mat Hoffman's Pro BMX 2",0.04,2063
"Virtua Tennis 4",0.04,2063
"Cabela's Dangerous Hunts 2",0.04,2063
"FIFA Street 2",0.04,2063
"Cabela's Trophy Bucks",0.04,2063
"Evolution Skateboarding",0.04,2063
"Jikkyou Powerful Major League",0.04,2063
"NBA in the Zone 2000",0.04,2063
"Shaun White Skateboarding",0.04,2063
"Rapala Fishing Frenzy 2009",0.04,2063
"Blood Bowl",0.04,2063
"Cabela's African Safari",0.04,2063
"Backyard Baseball '09",0.04,2063
"Torino 2006",0.04,2063
"Don Bradman Cricket 14",0.04,2063
"Smash Court Tennis 3",0.04,2063
"Cabela's Outdoor Adventures",0.04,2063
"Jikkyou Powerful Major League 2009",0.04,2063
"Outlaw Tennis",0.04,2063
"Winning Post 7 2012",0.04,2063
"Rugby World Cup 2015",0.04,2063
"Rugby World Cup 2015",0.04,2063
"RedCard 20-03",0.04,2063
"Virtua Striker 2002",0.04,2063
"Nike+ Kinect Training",0.04,2063
"Winter Sports 3: The Great Tournament",0.04,2063
"Winter Sports 3: The Great Tournament",0.04,2063
"American Bass Challenge",0.04,2063
"Deadliest Catch: Alaskan Storm",0.04,2063
"ESPN Great Outdoor Games Bass 2002",0.04,2063
"Gummy Bears Mini Golf",0.04,2063
"Gummy Bears Mini Golf",0.04,2063
"Pool Party",0.04,2063
"FIFA Manager 12",0.04,2063
"Mike Tyson Heavyweight Boxing",0.04,2063
"Pool Hall Pro",0.04,2063
"Rapala Trophies",0.04,2063
"Rugby Challenge 3",0.04,2063
"Crushed Baseball",0.04,2063
"Jerry Rice and Nitus' Dog Football",0.04,2063
"R.B.I. Baseball 2016",0.04,2063
"Summer Athletics 2009",0.04,2063
"Riding Stables: The Whitakers present Milton and Friends",0.04,2063
"Free Running",0.04,2063
"FIFA Soccer 2003 (weekly jp sales)",0.04,2063
"High Heat Baseball 2002",0.04,2063
"Tennis Masters Series 2003",0.04,2063
"Tennis no Oji-Sama: DokiDoki Survival - Umibe no Secret",0.04,2063
"Breeding Stud 2",0.04,2063
"Banushi Life Game: Winner's Circle",0.04,2063
"Dead Ball Zone",0.04,2063
"NBA In The Zone '99",0.04,2063
"Winning Post World 2010",0.04,2063
"World Series Baseball",0.04,2063
"Summer Challenge: Athletics Tournament",0.04,2063
"MLB 2K12 / NBA 2K12 Combo Pack",0.04,2063
"NHL Hitz Pro",0.04,2063
"Super Black Bass Fishing",0.04,2063
"J.League Pro Soccer Club o Tsukurou! 8 Euro Plus",0.04,2063
"Mike Tyson Boxing",0.04,2063
"Stoked: Big Air Edition",0.04,2063
"Tiger Woods PGA Tour Golf",0.04,2063
"Kevin Van Dam: Big Bass Challenge",0.04,2063
"Dramatic Soccer Game: Nippon Daihyou Senshu Ninarou!",0.04,2063
"Jikkyou World Soccer 2002",0.04,2063
"World Championship Pool 2004",0.04,2063
"Derby Tsuku 5: Derby Uma o Tsukurou!",0.04,2063
"Stadium Games",0.04,2063
"J-League Pro Striker 2",0.04,2063
"Championship Manager Season 01/02",0.04,2063
"Disney Sports Soccer",0.04,2063
"Madden NFL 07",0.03,2140
"NBA 2K7",0.03,2140
"FIFA World Cup Germany 2006",0.03,2140
"Rapala Tournament Fishing!",0.03,2140
"NHL 07",0.03,2140
"Surf's Up",0.03,2140
"Backyard NFL Football 2006",0.03,2140
"Summer Athletics: The Ultimate Challenge",0.03,2140
"NBA 08",0.03,2140
"Archer Maclean Presents: Pool Paradise",0.03,2140
"Pro Yakyuu Spirits 5 Kanzenban",0.03,2140
"Winning Post World",0.03,2140
"Pro Cycling Manager 2016",0.03,2140
"North American Hunting Extravaganza 2",0.03,2140
"NHL Blades of Steel 2000",0.03,2140
"Outlaw Volleyball Remixed",0.03,2140
"Adidas Power Soccer",0.03,2140
"Real Soccer 2008",0.03,2140
"Rugby 08",0.03,2140
"Power Play Pool",0.03,2140
"Major League Baseball 2K8",0.03,2140
"Turbo: Super Stunt Squad",0.03,2140
"Tour de France 2014",0.03,2140
"ESPN NBA 2Night 2002",0.03,2140
"Women's Volleyball Championship",0.03,2140
"Jikkyou Powerful Pro Yakyuu Wii Ketteiban",0.03,2140
"Dead or Alive Xtreme 3: Venus",0.03,2140
"Super Dodgeball Brawlers (jp sales)",0.03,2140
"3D Baseball",0.03,2140
"Angler's Club: Ultimate Bass Fishing 3D",0.03,2140
"FIFA World Cup: Germany 2006",0.03,2140
"River King: Mystic Valley (jp sales)",0.03,2140
"Disney Sports Soccer",0.03,2140
"Elf Bowling 1 & 2",0.03,2140
"Underground Pool",0.03,2140
"River City Super Sports Challenge",0.03,2140
"Hajime no Ippo: The Fighting! (2014)",0.03,2140
"Winning Post 7 2009",0.03,2140
"World Sports Competition",0.03,2140
"Sunny Garcia Surfing",0.03,2140
"Go! Go! Hypergrind",0.03,2140
"Nettou! Powerful Koushien",0.03,2140
"Minna no Golf Jou Vol.1",0.03,2140
"Big Mountain 2000",0.03,2140
"Street Jam Basketball",0.03,2140
"Virtual Pool: Tournament Edition",0.03,2140
"Let's Dance with Mel B",0.03,2140
"Real World Golf",0.03,2140
"Rugby League Live",0.03,2140
"Power Poke Dash",0.03,2140
"Calcio Bit",0.03,2140
"ESPN Winter X Games: Snowboarding 2002",0.03,2140
"Pro Cast Sports Fishing",0.03,2140
"Dave Mirra Freestyle BMX 3",0.03,2140
"The Perfect Golf",0.03,2140
"Ookiku Furikabutte: Honto no Ace ni Nareru kamo",0.03,2140
"Captain Tsubasa J: The Way to World Youth",0.03,2140
"Pro Yakyuu Family Stadium",0.03,2140
"Derby Time 2006",0.03,2140
"NBA Starting Five",0.03,2140
"G1 Jockey Wii",0.03,2140
"NBA 2K13",0.02,2201
"FIFA Soccer 09",0.02,2201
"NHL 16",0.02,2201
"NHL 09",0.02,2201
"Pro Evolution Soccer 2017",0.02,2201
"NBA 07",0.02,2201
"Rocket League",0.02,2201
"NFL Blitz Pro",0.02,2201
"Wakeboarding Unleashed Featuring Shaun Murray",0.02,2201
"Let's Play Ballerina",0.02,2201
"Backyard Baseball '09",0.02,2201
"WRC 5: FIA World Rally Championship",0.02,2201
"Jikkyou Powerful Pro Yakyuu 12 Ketteiban",0.02,2201
"PDC World Championship Darts: Pro Tour",0.02,2201
"Dancing on Ice",0.02,2201
"The Golf Club",0.02,2201
"Winter Sports 2011",0.02,2201
"Rugby World Cup 2015",0.02,2201
"RedCard 20-03",0.02,2201
"MX vs. ATV Supercross Encore",0.02,2201
"Winning Post 7 2013",0.02,2201
"Rugby Challenge 3",0.02,2201
"Turbo: Super Stunt Squad",0.02,2201
"Turbo: Super Stunt Squad",0.02,2201
"Turbo: Super Stunt Squad",0.02,2201
"Tour de France 2014",0.02,2201
"Elf Bowling 1 & 2",0.02,2201
"Let's Dance with Mel B",0.02,2201
"Let's Dance with Mel B",0.02,2201
"Rugby League Live",0.02,2201
"101-in-1 Sports Party Megamix",0.02,2201
"Backyard NFL Football",0.02,2201
"Backyard NFL Football",0.02,2201
"River King: Wonderful Journey",0.02,2201
Pitball,0.02,2201
"Bode Miller Alpine Skiing",0.02,2201
"Chuck E. Cheese's Sports Games",0.02,2201
"Virtua Tennis: World Tour (jp sales)",0.02,2201
"Rapala for Kinect",0.02,2201
"AMF Xtreme Bowling",0.02,2201
"Mesaze!! Tsuri Master: Sekai ni Challenge! Hen",0.02,2201
"Major Dream: Major DS Dream Baseball",0.02,2201
"Bottom of the 9th '97",0.02,2201
"Toxic Grind",0.02,2201
"Pro Fishing Challenge",0.02,2201
"Jitsumei Jikkyou Keiba Dream Classic 2002",0.02,2201
"Balls of Fury",0.02,2201
"Balls of Fury",0.02,2201
"SBK: Snowboard Kids",0.02,2201
"Evolution Snowboarding",0.02,2201
"Ballblazer Champions",0.02,2201
"Tennis no Oji-Sama: Driving Smash! Side King",0.02,2201
"Triple Crown Championship Snowboarding",0.02,2201
"Pebble Beach Golf Links",0.02,2201
"Mario Tennis",0.02,2201
"Don Bradman Cricket 14",0.02,2201
"Casper's Scare School: Spooky Sports Day",0.02,2201
"Casper's Scare School: Spooky Sports Day",0.02,2201
"Disney Sports Football",0.02,2201
"Polar Bowler",0.02,2201
"Super Bowling",0.02,2201
"ESPN MLS ExtraTime 2002",0.02,2201
"Winning Post 7: Maximum 2007",0.02,2201
"Winning Post 7: Maximum 2007",0.02,2201
"Worldwide Soccer Manager 2007",0.02,2201
"Ten Pin Alley 2",0.02,2201
"Dino Dini's Kick Off Revival",0.02,2201
"Virtua Pro Football",0.02,2201
"Adidas Power Soccer 98",0.02,2201
"Winter Blast: 9 Snow & Ice Games",0.02,2201
"Super Dodge Ball",0.02,2201
"Cabela's Alaskan Adventure",0.02,2201
"Gallop Racer Inbreed",0.02,2201
"Frisbee Disc Freestyle / Frisbee Disc Golf",0.02,2201
"PDC World Championship Darts 2009",0.02,2201
"Canada Hunt",0.02,2201
"World Class Rugby 2: Kokunai Gekitou Hen '93",0.02,2201
"Chou!! Super Nep League DS",0.02,2201
"Winning Eleven: Pro Evolution Soccer 2007",0.01,2279
"Pro Evolution Soccer 2008",0.01,2279
"FIFA Soccer 08",0.01,2279
"Madden NFL 13",0.01,2279
"Pro Evolution Soccer 2010",0.01,2279
"Tiger Woods PGA Tour 2005",0.01,2279
"Virtua Tennis 3",0.01,2279
"Surf's Up",0.01,2279
"NHL 2K3",0.01,2279
"NHL 2K7",0.01,2279
"WRC 5: FIA World Rally Championship",0.01,2279
"John Daly's ProStroke Golf",0.01,2279
"World Snooker Championship 2007",0.01,2279
"Rugby World Cup 2015",0.01,2279
"Handball 16",0.01,2279
"UEFA Champions League 2006-2007",0.01,2279
"Winter Sports 3: The Great Tournament",0.01,2279
"Rugby 06",0.01,2279
"The Hustle: Detroit Streets",0.01,2279
"Rugby Challenge 3",0.01,2279
"Summer Challenge: Athletics Tournament",0.01,2279
"Turbo: Super Stunt Squad",0.01,2279
"Turbo: Super Stunt Squad",0.01,2279
"ESPN NBA 2Night 2002",0.01,2279
"Don Bradman Cricket 14",0.01,2279
"Disney Sports Football",0.01,2279
"ESPN MLS ExtraTime 2002",0.01,2279
"Blood Bowl: Legendary Edition",0.01,2279
"ESPN NFL Primetime 2002",0.01,2279
"Disney Sports Basketball",0.01,2279
"Football Manager 2007",0.01,2279
"WTA Tour Tennis",0.01,2279
"WTA Tour Tennis",0.01,2279
"Davis Cup Tennis",0.01,2279
"Football Academy",0.01,2279
"PDC World Championship Darts 2008",0.01,2279
"PDC World Championship Darts 2008",0.01,2279
"Worldwide Soccer Manager 2006",0.01,2279
"Football Manager Live",0.01,2279
"Wiffle Ball Advance",0.01,2279
"Ten Pin Alley 2",0.01,2279
"Winning Post 7 Maximum 2008",0.01,2279
"Winning Post 7 Maximum 2008",0.01,2279
"Fab 5 Soccer",0.01,2279
"Pro Angler Moves",0.01,2279
"Major Dream: Major Wii Nagero! Gyroball!!",0.01,2279
"Football Manager 2005",0.01,2279
"WSC REAL 09: World Snooker Championship",0.01,2279
"WSC REAL 09: World Snooker Championship",0.01,2279
"Sega Golf Club: Miyazato San Kyoudai Naizou",0.01,2279
"Family Jockey",0.01,2279
"Victory Spike",0.01,2279
"Championship Manager 2010",0.01,2279
"World Snooker Challenge 2005",0.01,2279
"G1 Jockey 4 2008",0.01,2279
"LMA Manager 2007",0.01,2279
"Tennis no Oji-Sama: Doubles no Oji-Sama - Boys, Be Glorious!",0.01,2279
"The Cages: Pro Style Batting Practice",0.01,2279
"G1 Jockey 4 2007",0.01,2279
"Wade Hixton's Counter Punch",0.01,2279
"Razor Freestyle Scooter",0.01,2279
"Outdoors Unleashed: Alaska 3D",0.01,2279
"Summer Athletics",0.01,2279
"Imagine Figure Skater (JP sales)",0.01,2279
"Outdoors Unleashed: Africa 3D",0.01,2279
"PGA European Tour",0.01,2279
"Fit & Fun",0.01,2279
"Mezase!! Tsuri Master DS",0.01,2279
